cluster_id,AGE,BILL_AMT1,BILL_AMT2,BILL_AMT3,BILL_AMT4,BILL_AMT5,BILL_AMT6,LIMIT_BAL,PAY_AMT1,PAY_AMT2,PAY_AMT3,PAY_AMT4,PAY_AMT5,PAY_AMT6,SEX,type,seed,k
0,-0.6260607868999574,-0.350486117819646,-0.34910040146188864,-0.34899282962658257,-0.3440796575266244,-0.3524532071621806,-0.34570754507467377,-0.46528007320016534,-0.21897853690588426,-0.23652807112245838,-0.20404259000250385,-0.14083748529801302,-0.16913213133771582,-0.1500451846845874,0.7779051591274546,fair,3,7
1,-0.09355840241022795,-0.3222178080429623,-0.33100756845469187,-0.32935464152118654,-0.33357517201451664,-0.343666705052031,-0.34699708663137707,-0.33118258119288474,-0.19941837443277935,-0.19655670559996954,-0.2097008432719214,-0.12846479846953357,-0.1782954138491567,-0.1691839422588548,-1.285503751024945,fair,3,7
2,1.0211261090571904,-0.43541679501698255,-0.4495659769416422,-0.4635855990307196,-0.4567605275217761,-0.44634582457635447,-0.42568224472164395,0.256165439353676,-0.19998827176302542,-0.26124781753427684,-0.21136360321391306,-0.09843086916794766,-0.12080691283744771,-0.10153945609574114,0.5339553372375158,fair,3,7
3,0.012899485495248665,1.3171117472918978,1.288112548151865,1.2956677686601867,1.2668747118959527,1.3006726269424567,1.2796333438929648,0.42426794859192757,0.16668764472554026,0.256312753542733,0.10276433287623443,-0.017596286469566624,0.08204862187880464,0.0645215462150456,0.06019771211792433,fair,3,7
4,0.0211275200655595,-0.23766415297530144,-0.2187119333091698,-0.14985004822149037,-0.09624388553671467,-0.031037971289026068,-0.009887996953953234,1.0031301246321807,1.4661445407619769,1.5169319620203319,1.8986852399561585,0.9678677965134099,1.1243913910555206,0.23966329622746552,-0.1299947613396012,fair,3,7
5,0.09994942184860864,3.4188595139826297,3.6746351535589135,3.6143404827108547,3.6490536565138227,3.4830762336047894,3.4051534502861798,1.7030522551084966,1.729780255838262,1.7932019203320848,1.449979766890305,1.4557362184216756,1.622537687184786,0.5798923550385635,0.06860834626256726,fair,3,7
6,-0.04225504013111919,0.11628964661713445,0.07759872233099221,0.054197368703932686,-0.1385284195543977,-0.0761069040388064,-0.1989920642441265,1.6834246014215557,1.0339540956286664,1.0331578202558809,0.6267528522630375,0.5301351920547351,0.4701779588469426,8.96160648877,0.004126817820304773,fair,3,7
