cluster_id,AGE,BILL_AMT1,BILL_AMT2,BILL_AMT3,BILL_AMT4,BILL_AMT5,BILL_AMT6,LIMIT_BAL,PAY_AMT1,PAY_AMT2,PAY_AMT3,PAY_AMT4,PAY_AMT5,PAY_AMT6,SEX,type,seed,k
0,0.0486286567458344,-0.3276285364947988,-0.34063730360891803,-0.3444369235523663,-0.34138495615512876,-0.34938767511452495,-0.34644751384083416,-0.19978881398511944,-0.10413372932717249,-0.14035192083115242,-0.09176138489309721,-0.08235996109854554,-0.0724819197388386,-0.05755029013701769,-1.285503751024945,fair,4,4
1,-0.04060605768063665,-0.39589871635083335,-0.3987981026625034,-0.3934567655478719,-0.38610473280732804,-0.38282483137562023,-0.37625385131134004,-0.13260348806209019,-0.16787642899710473,-0.14422540912702533,-0.1344375913568483,-0.0871180564019202,-0.11574181013223475,-0.06306039888320528,0.7779051591274546,fair,4,4
2,0.02754495219592669,1.2023113377916945,1.2041126076718736,1.205884146557506,1.164771903975467,1.206167400161,1.195554747914773,0.4717944411315439,0.512034569952064,0.3689267210502272,0.3150238971921701,0.14483484104106822,0.18392992305439637,0.1973596979596342,0.037194268303516305,fair,4,4
3,0.028847190858744712,3.521161345192049,3.684202626858607,3.628868621915588,3.6845242337669863,3.5091466579589694,3.4294317386492548,1.7177729953737022,1.1441964948680678,1.8235565271028948,1.4608530002986146,1.4583080923938452,1.619857997454455,0.5844777247311065,0.13308987470482975,fair,4,4
