cluster_id,AGE,BILL_AMT1,BILL_AMT2,BILL_AMT3,BILL_AMT4,BILL_AMT5,BILL_AMT6,LIMIT_BAL,PAY_AMT1,PAY_AMT2,PAY_AMT3,PAY_AMT4,PAY_AMT5,PAY_AMT6,SEX,type,seed,k
0,0.05219153236168249,-0.329236162448119,-0.342473316804136,-0.344043138550891,-0.3466031325971799,-0.3557942237550515,-0.3466839341761185,-0.22613949543688844,-0.12169585177675468,-0.16221807645381184,-0.16072966999829885,-0.11010120595171095,-0.07869736532348302,-0.1602231957132319,-1.285503751024945,fair,2,6
1,-0.03596414439203725,-0.39549185711460594,-0.396173455533611,-0.39562015466094497,-0.39040429915617075,-0.3867398690966772,-0.3778709697944808,-0.15410996672026656,-0.17644273634948165,-0.18326300390230255,-0.16942641855212873,-0.09753466742554359,-0.1240872773528607,-0.11409453783215484,0.7779051591274546,fair,2,6
2,0.01709907535163073,1.2617828712302743,1.2355847004022176,1.234438685641235,1.1975102378857605,1.2308734768975156,1.2249602858156903,0.42007552300137,0.3037471683830528,0.289934013861412,0.090664437479945,5.727046494831747e-05,0.2045767840107443,0.046709902158455496,0.016244152024219874,fair,2,6
3,-0.09642816850434882,-0.025498753801272325,0.03533611987497241,0.1233093734040987,0.3708470994605929,0.48597763895089974,0.2995616531988921,0.9375737613177976,1.1666263549089904,2.8184081613419116,5.364377743801619,2.2477582003281555,0.725813671837787,0.6046971786528491,0.13308987470482975,fair,2,6
4,0.03990753790161243,3.5512431338767083,3.8045704609983213,3.7763985760891896,3.8194106704540753,3.6085754812521253,3.5320723858150638,1.7887596762081388,1.7261941809259957,1.436766498564197,0.9345325374080091,1.378053720304915,1.3080881185172701,0.554289215261979,0.09010218907665475,fair,2,6
5,-0.04225504013111919,0.11628964661713445,0.07759872233099221,0.054197368703932686,-0.1385284195543977,-0.0761069040388064,-0.1989920642441265,1.6834246014215557,1.0339540956286664,1.0331578202558809,0.6267528522630375,0.5301351920547351,0.4701779588469426,8.96160648877,0.004126817820304773,fair,2,6
