cluster_id,AGE,BILL_AMT1,BILL_AMT2,BILL_AMT3,BILL_AMT4,BILL_AMT5,BILL_AMT6,LIMIT_BAL,PAY_AMT1,PAY_AMT2,PAY_AMT3,PAY_AMT4,PAY_AMT5,PAY_AMT6,SEX,type,seed,k
0,0.05100789575556964,-0.34739636860785894,-0.36097170633979375,-0.36266753384312234,-0.36396036900709916,-0.3706845160530406,-0.3631300314552905,-0.22587346316547594,-0.11729186107222361,-0.1587799646362086,-0.1522198722286852,-0.08368764349103283,-0.07910068496999369,-0.16369037856789392,-1.285503751024945,fair,1,5
1,-0.023115360478593847,-0.41129326011916323,-0.4116807614319697,-0.4114539405237213,-0.40797641315452504,-0.40194534198221754,-0.3938446798188851,-0.156465166711736,-0.17407008559987647,-0.17948011487203513,-0.16535025019128435,-0.08937222546783512,-0.12141744412232816,-0.12113226246540282,0.7779051591274546,fair,1,5
2,-0.048227543414503214,0.9999910482591591,0.9849487298703168,0.9992016186694113,0.9995723280050022,1.0032767042903457,0.9652451938396275,0.3677012944879485,0.3155747847694521,0.38245619330035435,0.43426052590263464,0.09710626715854291,0.04484683873891134,0.034712950205341896,0.04738150770703986,fair,1,5
3,0.11967550663668682,3.0845667764304934,3.233184404978494,3.1980578431688325,3.198177537295373,3.1590793337335517,3.172684146673966,1.4756274852141584,1.2830167308138731,1.3778022419571494,1.0809442727426137,1.0525971333126467,1.5111694040153716,0.45770185211430753,0.015340996679828684,fair,1,5
4,-0.1803965174828548,0.004882162589749295,-0.011919940946006602,-0.04008215589667656,-0.17625772244797083,-0.1468982923236548,-0.2151242517710262,1.6186533442546502,0.9493877925615143,0.9389234772905424,0.5903881672474063,0.42251853853438526,0.56830141395631,8.092836804473704,-0.04745840493350521,fair,1,5
