cluster_id,AGE,BILL_AMT1,BILL_AMT2,BILL_AMT3,BILL_AMT4,BILL_AMT5,BILL_AMT6,LIMIT_BAL,PAY_AMT1,PAY_AMT2,PAY_AMT3,PAY_AMT4,PAY_AMT5,PAY_AMT6,SEX,type,seed,k
0,0.04425612915878325,-0.3349082696896214,-0.33825166539094625,-0.33655846538886086,-0.3403628395874846,-0.3506430752067661,-0.35448280833576956,-0.27526836293613816,-0.17433853109248185,-0.20345042929244472,-0.1920091965033258,-0.1351172328895829,-0.17389406414841416,-0.16778945584753222,-1.285503751024945,fair,3,5
1,-0.048452813292463266,-0.39287037908143413,-0.3952854850528852,-0.39891793821950744,-0.39167776192340525,-0.3953934885903784,-0.38239445981461645,-0.21879444572977713,-0.21693171000962258,-0.248930886211616,-0.2133874520757861,-0.1266041784819,-0.15545361237593835,-0.1313425591611254,0.7779051591274546,fair,3,5
2,0.01554234683046032,1.28504736918625,1.2433336064246212,1.2447872027643723,1.212649672850814,1.2440106460854539,1.2221703023990715,0.39808973075349674,0.15045997134154104,0.27232411220927266,0.07507856607426186,-0.003841709192888106,0.06196146207109986,0.0955447849606659,0.09494587196433645,fair,3,5
3,0.09271077107459949,-0.2299201102854678,-0.23397310611938843,-0.18839322057989563,-0.16477203702712545,-0.07449522031498891,-0.06351206733816796,1.2309733431553467,1.3408417521507452,1.3886395986982416,1.7127858832890606,0.9186574882269036,1.0902083207766107,1.355260299625146,-0.07591921748733141,fair,3,5
4,0.06688788026788758,3.3751908878616237,3.6187590180155387,3.570719990147816,3.597032443215455,3.452529463517139,3.377754342592963,1.6551376887550817,1.6033281679555738,1.7087848189896095,1.387260104071709,1.3748537382712904,1.5431867553510898,0.5632744441339007,0.04964319083837241,fair,3,5
