cluster_id,AGE,BILL_AMT1,BILL_AMT2,BILL_AMT3,BILL_AMT4,BILL_AMT5,BILL_AMT6,LIMIT_BAL,PAY_AMT1,PAY_AMT2,PAY_AMT3,PAY_AMT4,PAY_AMT5,PAY_AMT6,SEX,type,seed,k
0,0.05598144265836415,-0.3669875045436892,-0.37655583669385395,-0.380530260492382,-0.3732103652200117,-0.37439841640102106,-0.37936353944354134,-0.2816905567984457,-0.19226027364156073,-0.20381884414117893,-0.1862782624390476,-0.12000719180468668,-0.16990506461098037,-0.17210412611404077,-1.285503751024945,fair,1,7
1,-0.04669061286910198,-0.42742018517813557,-0.42621478396846035,-0.42984942950994853,-0.4230065025776673,-0.42088335949494965,-0.40511855642753064,-0.20892977380607253,-0.2159326428510924,-0.24300226375156633,-0.21206111881871034,-0.1163239322486018,-0.15069823998536633,-0.13012827114357886,0.7779051591274546,fair,1,7
2,-0.047617816262026165,0.9866821457609387,0.9411915959298512,0.9312640069392694,0.9192622188848375,0.9135894380748754,0.882185269735757,0.23354694836574283,0.05750491410213469,0.1420144943717293,-0.001523576620466985,-0.04325973876122591,0.0037167130179072503,0.002931335119337037,0.07163767981354603,fair,1,7
3,0.12026434498856976,1.8168711220121332,1.8652603532023,1.83812667089018,1.5298298186250914,0.816403761465721,1.8177953593456078,0.9473875881612681,0.7296307195429254,2.5083321904804388,1.4689207357880616,0.6739182113006338,9.117474622428677,0.48743801247622615,-0.5117254097177951,fair,1,7
4,0.15702468209897558,-0.2385656740414228,-0.13523853678885822,-0.09334558029903324,-0.01719660867461446,-0.06121623017340561,-0.18010092982897882,1.3131028497159034,1.9165774409534337,1.3825527803083628,1.8437235673861303,0.5261083111081147,0.49832303574829284,1.7639829298759804,-0.06430255930209623,fair,1,7
5,-0.5704430417701083,1.8079611005817309,2.027669106564649,1.995419351436047,1.6405598868366704,3.5639249638412425,3.6851726205751607,1.1632917787176191,3.0946583854086493,2.1409292784381204,2.5726388015310246,12.16652569843161,0.5256632991455645,0.4748836189911958,0.2620529315893547,fair,1,7
6,0.12929319971744138,2.976878354858742,3.03134604032997,3.0848028817339337,3.0166751462067274,3.0246159992672226,2.945413147077112,1.339940661900088,0.6833929590435268,1.0759160000045571,0.7889511661199883,0.2909864331121704,0.3595575644889577,0.32927810265974655,0.09010218907665475,fair,1,7
