cluster_id,AGE,BILL_AMT1,BILL_AMT2,BILL_AMT3,BILL_AMT4,BILL_AMT5,BILL_AMT6,LIMIT_BAL,PAY_AMT1,PAY_AMT2,PAY_AMT3,PAY_AMT4,PAY_AMT5,PAY_AMT6,SEX,type,seed,k
0,0.05767241963841928,-0.34656835275872055,-0.36503329179506416,-0.3679986538565538,-0.3677752841278602,-0.37232205538618657,-0.3715520299698665,-0.23584164288526965,-0.14005571921666665,-0.15900695575418708,-0.13329259427711837,-0.08271152797064038,-0.10985861491037573,-0.1636472924549086,-1.285503751024945,fair,6,7
1,-0.027797443634888078,-0.4303845483288148,-0.428193953207128,-0.42867182157674083,-0.4229716812190637,-0.4162163253862605,-0.40673406401454393,-0.15548778799482163,-0.1750998445871128,-0.18050645762302336,-0.1649445882178094,-0.08780518709734642,-0.12531945073706044,-0.1209877187561635,0.7779051591274546,fair,6,7
2,-0.04042486687526684,0.9446807441282954,0.9086950036816337,0.8954067960045585,0.8915116692695698,0.8814336377569161,0.8470334006407797,0.28216927131197045,0.0820302700633848,0.1788759743702385,0.03034935580960031,-0.036974500041365946,0.028065429914743218,0.013826804343791136,0.10869145853748718,fair,6,7
3,-0.06482717695329822,-0.11048505428037092,0.40957063682702666,0.4656534438535218,0.9262711336673092,0.630581646503725,0.47428572846757966,0.6268025779412317,4.832804454352452,2.707930135831736,4.923306558339926,0.30203233901877047,0.03349202646456067,0.056711726687767,-0.2537992959487452,fair,6,7
4,0.08588524429017401,2.8592966998643314,2.919455284423428,2.9825067656119493,2.919392141640372,2.9988702600386534,2.9339105813617605,1.3006853545262063,0.7461556545780094,0.8387310874514924,0.5430014864475697,0.44796106045364187,0.36351359439387554,0.32434109974704656,0.06364822869008553,fair,6,7
5,0.025461370335417878,2.420916103246679,2.4899505780191715,2.4150584476429424,2.0306582753698987,1.875304735319629,2.6633584330533306,1.300685354526206,0.7532142296428532,2.5817578324241586,2.490875049202628,5.0538685465519295,7.847282583729561,0.6583455327945852,-0.5117254097177951,fair,6,7
6,-0.1803965174828548,0.004882162589749295,-0.011919940946006602,-0.04008215589667656,-0.17625772244797083,-0.1468982923236548,-0.2151242517710262,1.6186533442546502,0.9493877925615143,0.9389234772905424,0.5903881672474063,0.42251853853438526,0.56830141395631,8.092836804473704,-0.04745840493350521,fair,6,7
