cluster_id,AGE,BILL_AMT1,BILL_AMT2,BILL_AMT3,BILL_AMT4,BILL_AMT5,BILL_AMT6,LIMIT_BAL,PAY_AMT1,PAY_AMT2,PAY_AMT3,PAY_AMT4,PAY_AMT5,PAY_AMT6,SEX,type,seed,k
0,0.013529942608892592,-0.43363100627618273,-0.4324821813394829,-0.4357018769671122,-0.4310794031478789,-0.4317736225113616,-0.4220514574340942,-0.2013000347949875,-0.178038953759837,-0.199065909790657,-0.18574002320493194,-0.1110387811960638,-0.13577501427478217,-0.14268827767925787,0.004479657921220026,fair,0,4
1,-0.08261536835943332,0.7541476839556852,0.717263342183331,0.7183943762764861,0.7269238522769452,0.7278945562665925,0.6926908124507706,0.26745051043902845,0.2865869155313235,0.31072390777017456,0.39072748193997264,0.1392301789946864,0.10646544290468354,0.003936588730417699,-0.01255497063241985,fair,0,4
2,0.14688389944782917,2.8508924049465403,2.9671334860305607,3.008648689488829,2.9443090796191935,2.944632675335462,2.9558621482660032,1.3311420585231837,1.0870452974315468,1.270214479694133,0.8851008865585632,0.8441189257077035,1.244292539163125,0.3894053207583879,-0.004767186102765914,fair,0,4
3,-0.1803965174828548,0.004882162589749295,-0.011919940946006602,-0.04008215589667656,-0.17625772244797083,-0.1468982923236548,-0.2151242517710262,1.6186533442546502,0.9493877925615143,0.9389234772905424,0.5903881672474063,0.42251853853438526,0.56830141395631,8.092836804473704,-0.04745840493350521,fair,0,4
