cluster_id,AGE,BILL_AMT1,BILL_AMT2,BILL_AMT3,BILL_AMT4,BILL_AMT5,BILL_AMT6,LIMIT_BAL,PAY_AMT1,PAY_AMT2,PAY_AMT3,PAY_AMT4,PAY_AMT5,PAY_AMT6,SEX,type,seed,k
0,0.04913969134623347,-0.33970151864935344,-0.3548351067482483,-0.35714443831628767,-0.3557654026353093,-0.3621216761296203,-0.3596901441597367,-0.22442233228756037,-0.11789423348036598,-0.15970237949447932,-0.12374305308939823,-0.08506061731396597,-0.08065497636099325,-0.16422596589400396,-1.285503751024945,fair,8,5
1,-0.03093196821704251,-0.4072400461948851,-0.40811405314894056,-0.40567096227536437,-0.4023363674426626,-0.3969828499323092,-0.3893214135213951,-0.15095660627107776,-0.17335273181220276,-0.16455857165659607,-0.1584307739066081,-0.0893912077318513,-0.12158438998050511,-0.1182441060278678,0.7779051591274546,fair,8,5
2,-0.025968814829040662,1.0767825297445224,1.062252696450145,1.073778769781417,1.0852569895705384,1.0802711965500664,1.0532250395358973,0.3821608522398659,0.3379677440808024,0.37146265770791687,0.33075580779530805,0.01517943197212225,0.05365771100213534,0.039623603377720466,0.04657035552913578,fair,8,5
3,0.14670599098026516,3.1224414249922994,3.300074608214074,3.2516387117952283,3.1922207566718432,3.187488353010436,3.1989752287076136,1.5446290503496156,1.3644621463105615,1.4393896877379841,1.3457457236973869,1.4925638134529042,1.655477445085856,0.478820668170757,0.04097340550159762,fair,8,5
4,-0.1803965174828548,0.004882162589749295,-0.011919940946006602,-0.04008215589667656,-0.17625772244797083,-0.1468982923236548,-0.2151242517710262,1.6186533442546502,0.9493877925615143,0.9389234772905424,0.5903881672474063,0.42251853853438526,0.56830141395631,8.092836804473704,-0.04745840493350521,fair,8,5
