cluster_id,AGE,BILL_AMT1,BILL_AMT2,BILL_AMT3,BILL_AMT4,BILL_AMT5,BILL_AMT6,LIMIT_BAL,PAY_AMT1,PAY_AMT2,PAY_AMT3,PAY_AMT4,PAY_AMT5,PAY_AMT6,SEX,type,seed,k
0,-0.6194916850269513,-0.36735254196759104,-0.3636307955416269,-0.3617177716173548,-0.35496348225235225,-0.3657682524734797,-0.3537717779702776,-0.49100114081550267,-0.21099319263441288,-0.22687235043833218,-0.2026425208901415,-0.13693423771795982,-0.17522848206222963,-0.15567916023731776,0.7779051591274546,fair,7,7
1,-0.09444993628847248,-0.34216833280510545,-0.3514297373556563,-0.35087603518058946,-0.3551667185171477,-0.36494037813459707,-0.36328203018176486,-0.34825809061152246,-0.16990050602591816,-0.19777450424958398,-0.19513362428077302,-0.12073856316192326,-0.14291555850664503,-0.1719680523232321,-1.285503751024945,fair,7,7
2,0.9764719349353203,-0.4536830820393152,-0.4611224939882485,-0.47372462243247887,-0.46554078455417675,-0.45130021436110596,-0.43523919414123063,0.3719874248125241,-0.15345626931210213,-0.22545511545536023,-0.16801846230803744,-0.07111356598356026,-0.08244702029373252,-0.07753350543308624,0.5113403716914987,fair,7,7
3,0.02546137033541786,1.1590214650722763,1.1119900804712837,1.1147691271426778,1.0991605224375922,1.1237108410667846,1.1285577105919293,0.34753422685215346,0.1267953771299445,0.20669439863283337,0.05976027269617695,-0.019073070717491276,0.23076119668893552,0.04310833630582565,0.014726521125882169,fair,7,7
4,-0.09563150485180134,-0.1518420795165676,-0.12063199293643795,-0.029301112675517584,0.06639623556312889,0.1334339399654078,0.0043350770452901125,0.999343142038465,1.6352776650598901,2.283101196762231,2.8126919671452817,1.1250168757954357,0.49361154629683457,0.3193098233069775,0.04964319083837241,fair,7,7
5,0.10942971931392383,3.2482560264415206,3.4742800707552313,3.439179354971192,3.38925119084995,3.3009636743323663,3.2338214515310506,1.5597703831938272,1.4376645494224563,1.2753010510549734,0.945704324353559,1.1981369757646188,1.3255540272907944,0.4839450258204061,0.05571204057411476,fair,7,7
6,-0.04225504013111919,0.11628964661713445,0.07759872233099221,0.054197368703932686,-0.1385284195543977,-0.0761069040388064,-0.1989920642441265,1.6834246014215557,1.0339540956286664,1.0331578202558809,0.6267528522630375,0.5301351920547351,0.4701779588469426,8.96160648877,0.004126817820304773,fair,7,7
