cluster_id,AGE,BILL_AMT1,BILL_AMT2,BILL_AMT3,BILL_AMT4,BILL_AMT5,BILL_AMT6,LIMIT_BAL,PAY_AMT1,PAY_AMT2,PAY_AMT3,PAY_AMT4,PAY_AMT5,PAY_AMT6,SEX,type,seed,k
0,0.04478426962778004,-0.3198350876512516,-0.3326788136838542,-0.33653682958789954,-0.3327304736994978,-0.3420025580166832,-0.33864254848525205,-0.18864100453448254,-0.10425579419925507,-0.14069835601601505,-0.092769992519012,-0.07147474397720859,-0.06996828999412999,-0.05294937115697062,-1.285503751024945,fair,8,4
1,-0.04187733903688353,-0.393248956013474,-0.396028059463893,-0.3905487794961046,-0.38536258171388715,-0.38192923471796025,-0.37529943720274483,-0.13291534285502626,-0.1673096838664636,-0.1438027808693563,-0.13478125424357915,-0.08734826889483495,-0.11600998820796633,-0.06337351607883605,0.7779051591274546,fair,8,4
2,0.039717456749425666,1.2181712525994168,1.2195575611061122,1.2210806308970144,1.1843724294833562,1.229109118361629,1.2170543556800713,0.4670265900335016,0.5270492950246888,0.3816741507773219,0.32922810047164996,0.12911869498320788,0.18665527118429823,0.19563368699650696,0.05842705229799951,fair,8,4
3,0.028847190858744712,3.521161345192049,3.684202626858607,3.628868621915588,3.6845242337669863,3.5091466579589694,3.4294317386492548,1.7177729953737022,1.1441964948680678,1.8235565271028948,1.4608530002986146,1.4583080923938452,1.619857997454455,0.5844777247311065,0.13308987470482975,fair,8,4
