cluster_id,AGE,BILL_AMT1,BILL_AMT2,BILL_AMT3,BILL_AMT4,BILL_AMT5,BILL_AMT6,LIMIT_BAL,PAY_AMT1,PAY_AMT2,PAY_AMT3,PAY_AMT4,PAY_AMT5,PAY_AMT6,SEX,type,seed,k
0,0.05108379591735081,-0.3516181570914674,-0.357653548003824,-0.36137386586766473,-0.36085874789089184,-0.3689128128060363,-0.3654790003090733,-0.2570607279522329,-0.1386616267610051,-0.18871780629114945,-0.15838083428154387,-0.11638851335422778,-0.11645217242287437,-0.14533383461005434,-1.285503751024945,fair,5,4
1,-0.02328313557034827,-0.4168283441387141,-0.4169313941064229,-0.41779204289539584,-0.4147739046914851,-0.4122247779372871,-0.40375340586816433,-0.17048719311939448,-0.17668791362319067,-0.18941507481561967,-0.17541567259953944,-0.09548285752393906,-0.13847350701288577,-0.09887452406881718,0.7779051591274546,fair,5,4
2,-0.06378337871874659,0.8555813448277089,0.8248021607209763,0.8228147921511082,0.8457305530869775,0.8527634254654367,0.841146667987211,0.4914133675380549,0.36103280656474923,0.43607214041435516,0.4597599224757682,0.18411004148562918,0.26700472451153423,0.39767352155921015,0.05034479196389176,fair,5,4
3,0.135891208942386,2.9946957439677826,3.1324002727188374,3.168117188491955,3.061144308439967,3.0601113195582075,3.001178691164401,1.3988236229609112,1.215743780982005,1.36826560013805,0.9878147602732394,0.9295432986500844,1.05013145299707,0.4150421700730028,-0.015713652469622145,fair,5,4
