cluster_id,AGE,BILL_AMT1,BILL_AMT2,BILL_AMT3,BILL_AMT4,BILL_AMT5,BILL_AMT6,LIMIT_BAL,PAY_AMT1,PAY_AMT2,PAY_AMT3,PAY_AMT4,PAY_AMT5,PAY_AMT6,SEX,type,seed,k
0,0.049538316279075484,-0.32963712846991383,-0.3446389383129194,-0.3469821393523204,-0.34363508382629976,-0.3509134074467916,-0.34877076719610023,-0.22321594055335026,-0.11782579837952792,-0.15833156499937084,-0.1065408861650653,-0.08517360386290403,-0.08182919673635672,-0.1636956339621336,-1.285503751024945,fair,6,5
1,-0.040219476690241326,-0.39821548513008204,-0.398908342153246,-0.39392638693444,-0.37942730773814753,-0.3801780987467431,-0.3740025528365458,-0.13842680067241178,-0.17037616518114818,-0.14574883226362914,-0.09145322950727192,-0.08892463343188986,-0.11738029633956305,-0.11644420292195738,0.7779051591274546,fair,6,5
2,0.026537657654091298,1.2253686701611932,1.204303998624085,1.2090757482823016,1.1511803814146708,1.1979944400594789,1.1946127202233514,0.4304393847641532,0.3736784580623755,0.3547759595840743,0.16535377929508552,0.12590388589592041,0.17140054132700475,0.053903593602528437,0.012667417613981925,fair,6,5
3,0.0796344987086475,3.367617575631378,3.611296278689597,3.5463583908951435,3.6006147600896403,3.460594012576421,3.385760305630211,1.6528285530272064,1.6221492834263143,1.7122859270369926,1.393069716017843,1.3882306679098186,1.5308237116125378,0.5626091344632579,0.11033168819579593,fair,6,5
4,-0.1803965174828548,0.004882162589749295,-0.011919940946006602,-0.04008215589667656,-0.17625772244797083,-0.1468982923236548,-0.2151242517710262,1.6186533442546502,0.9493877925615143,0.9389234772905424,0.5903881672474063,0.42251853853438526,0.56830141395631,8.092836804473704,-0.04745840493350521,fair,6,5
