cluster_id,AGE,BILL_AMT1,BILL_AMT2,BILL_AMT3,BILL_AMT4,BILL_AMT5,BILL_AMT6,LIMIT_BAL,PAY_AMT1,PAY_AMT2,PAY_AMT3,PAY_AMT4,PAY_AMT5,PAY_AMT6,SEX,type,seed,k
0,-0.5980653841494253,-0.3375386550818555,-0.343852978262929,-0.3442905540334983,-0.33789725011965854,-0.347899042171724,-0.3432039938827503,-0.5769693312572682,-0.2063110341089047,-0.22585442345025947,-0.1975794731098909,-0.1491858500955694,-0.18191831953588553,-0.1734600116738617,-0.042923440295807636,fair,8,7
1,-0.00704250668852,-0.12648750464722763,1.1285778484614482,1.1671664376314426,1.0135191534241703,0.8911887108368513,0.8636391325676683,0.056292110774146774,10.203324924264566,1.3675506697314512,0.14354302633289887,0.83706891037637,0.005125209925297339,0.022442882248999114,-0.872821968994465,fair,8,7
2,0.8141632000350966,-0.42300532174786337,-0.4336798713442153,-0.4377376886603583,-0.4446037626062031,-0.4295029024331509,-0.4277855320097787,0.3500783567759005,-0.10968178097044096,-0.1150659065235548,-0.14026969505039708,-0.04775893712308395,-0.08305664260775592,-0.07720034210327971,0.06724468856137138,fair,8,7
3,0.023643480121551097,1.2367708656770138,1.2069361301244308,1.2167704809713058,1.190621501588447,1.2254619709330263,1.1961973166009803,0.3810836740662389,0.15012019411170527,0.25917595725722237,0.06769631210898314,-0.0009970167498394083,0.03745088075469952,0.05356083546761728,0.002395770076888331,fair,8,7
4,0.007403660877674661,0.18342996530841107,0.20491964103976015,0.24906799998008666,0.3715209714282149,0.4071595842895412,0.6524172115543703,0.9964567223786206,0.6597610673793023,1.8347735386547024,3.929195294311535,1.4504359884103477,3.0652321649324326,0.3687996223907121,-0.16782392469239518,fair,8,7
5,-0.024842248868295395,3.7362782770646112,3.8923538832185125,3.8570547224923226,3.9510220987663027,3.7230990314165617,3.612041282576851,1.8642794103940832,1.1673485033810047,1.5391349735507636,0.9360269217570582,1.4499798452422448,0.9761350421701593,0.5657427430119857,0.188359756226769,fair,8,7
6,-0.04225504013111919,0.11628964661713445,0.07759872233099221,0.054197368703932686,-0.1385284195543977,-0.0761069040388064,-0.1989920642441265,1.6834246014215557,1.0339540956286664,1.0331578202558809,0.6267528522630375,0.5301351920547351,0.4701779588469426,8.96160648877,0.004126817820304773,fair,8,7
