cluster_id,AGE,BILL_AMT1,BILL_AMT2,BILL_AMT3,BILL_AMT4,BILL_AMT5,BILL_AMT6,LIMIT_BAL,PAY_AMT1,PAY_AMT2,PAY_AMT3,PAY_AMT4,PAY_AMT5,PAY_AMT6,SEX,type,seed,k
0,0.05198752284920618,-0.3319313199676949,-0.33944745279786415,-0.3421094374225695,-0.3444424705895148,-0.34903874557243564,-0.35450035364366583,-0.28211571141449115,-0.19739376414926532,-0.23136115196317916,-0.19377452225152098,-0.1370533880858657,-0.1859078598238452,-0.16768526239138556,-1.285503751024945,fair,5,7
1,-0.0464244157224771,-0.39392214838670214,-0.39563830917829185,-0.397494762634781,-0.3898152709534466,-0.39304480597655195,-0.37991485748950915,-0.21914512873584305,-0.2224921338332892,-0.2547872079699949,-0.2192370543903147,-0.12765903975239584,-0.15705581791462542,-0.13244380062967984,0.7779051591274546,fair,5,7
2,0.036137826292185746,1.2923677620214578,1.2512254368563354,1.2464693016008996,1.2092181451401967,1.2448008407047113,1.2240826720958975,0.39566427174951785,0.1568039824562066,0.20989425541590928,0.07702782078766923,-0.005186938928868015,0.06778177189188075,0.036855516400542986,0.07002035053502556,fair,5,7
3,0.001176864512935602,-0.23558238127525186,-0.22685012522001702,-0.148529139795518,-0.06511611276474935,-0.09290122448955791,-0.06521976249800308,1.0292822811309186,1.3360424850640789,1.5803313006856419,1.5300752904004407,0.5878972350399877,1.0716960773583684,0.2572065303370101,-0.11149523317961417,fair,5,7
4,-0.24540427153073038,3.6475715933390487,3.4679634246847306,3.1857947211677766,2.4363883428967394,4.200982089414681,4.385271058377156,1.477334237708675,0.629140542168912,0.5724705774510812,4.83476516747487,17.337438161589656,0.6793561632509759,0.6194664989163945,-0.2537992959487452,fair,5,7
5,0.07644784409845753,3.2406279128875846,3.4990620799935797,3.455146983834612,3.465900247553615,3.335376080243893,3.2544063229166706,1.6089549741975735,1.574572442917122,1.6845463786615742,1.3374862537232057,0.810867747341116,1.5094693633368568,0.5326701992843302,0.11033168819579593,fair,5,7
6,-0.04225504013111919,0.11628964661713445,0.07759872233099221,0.054197368703932686,-0.1385284195543977,-0.0761069040388064,-0.1989920642441265,1.6834246014215557,1.0339540956286664,1.0331578202558809,0.6267528522630375,0.5301351920547351,0.4701779588469426,8.96160648877,0.004126817820304773,fair,5,7
