cluster_id,AGE,BILL_AMT1,BILL_AMT2,BILL_AMT3,BILL_AMT4,BILL_AMT5,BILL_AMT6,LIMIT_BAL,PAY_AMT1,PAY_AMT2,PAY_AMT3,PAY_AMT4,PAY_AMT5,PAY_AMT6,SEX,type,seed,k
0,0.052819706069055575,-0.34423918304395396,-0.3578323551191265,-0.35940103048869493,-0.3607591295075992,-0.3678043830145503,-0.35862128525411774,-0.2313875866092988,-0.12247374923836206,-0.16397909657573592,-0.1600502576250594,-0.11099726228702667,-0.08013409860233717,-0.16609087816282003,-1.285503751024945,fair,5,5
1,-0.03268371857026854,-0.40198470860614094,-0.40445986003008905,-0.4026364377145097,-0.39786092635469145,-0.3942731933315407,-0.38610693371767474,-0.14268672627700907,-0.17042688261417102,-0.17042278702533153,-0.16450775194944575,-0.09082344023656058,-0.12107262946238737,-0.1090173421084918,0.7779051591274545,fair,5,5
2,-0.016350104583517776,1.1469619859599398,1.1148444371718487,1.118989542839184,1.0973425330038957,1.1135339459039924,1.083574680483999,0.3373495732335918,0.2689092173982778,0.2465697631488959,0.06141920185926426,-0.014470182637849743,0.04641376311439889,0.04587390409177392,0.016244152024219874,fair,5,5
3,-0.06998652251265342,0.050923254088952916,0.12584931709229583,0.14178421985286088,0.24633346490216523,0.3333571873327885,0.18634787411060055,1.153945276961933,1.1737939764097707,2.2327801427097733,4.245462753347762,1.7723894068431585,0.6808482916467804,3.7634058283632936,-0.00815537807345951,fair,5,5
4,0.10401240647660086,3.2083820852964586,3.4206752164462215,3.3862122133498893,3.363491359559993,3.2661147393363414,3.286008399948025,1.6186533442546502,1.3895525872219923,1.2270015149873021,0.7580538584934309,1.0679592562326377,1.554832292987579,0.4330488360162293,0.004126817820304773,fair,5,5
