cluster_id,AGE,BILL_AMT1,BILL_AMT2,BILL_AMT3,BILL_AMT4,BILL_AMT5,BILL_AMT6,LIMIT_BAL,PAY_AMT1,PAY_AMT2,PAY_AMT3,PAY_AMT4,PAY_AMT5,PAY_AMT6,SEX,type,seed,k
0,0.04438486038360082,-0.3297673565146834,-0.33944952711871185,-0.3386541965704873,-0.34363338773103375,-0.35120925359340277,-0.3478182934735623,-0.2870036183695007,-0.19841512243220988,-0.20967341864435274,-0.20815135501905374,-0.1401648620132572,-0.1446565752710878,-0.16635827684979368,-1.285503751024945,fair,0,6
1,-0.04684598321359629,-0.394300071188625,-0.3959615071025405,-0.3978224956132132,-0.3900990048113779,-0.3930343095604155,-0.37987519727384267,-0.21546772476588882,-0.22101459374357818,-0.2533274813828131,-0.21760059004422241,-0.12615674748698844,-0.15441133540115715,-0.1296888323662326,0.7779051591274546,fair,0,6
2,0.020883359486975922,1.3078860464193793,1.2669432131954022,1.2707417661987679,1.2361646138774007,1.26964731604535,1.2470479430950394,0.40251286397872293,0.1448205466542152,0.27318690964855513,0.08253450749020172,-0.0026186259947925403,0.06569449974920526,0.038866023357141274,0.08041482330129138,fair,0,6
3,0.061576789250904304,-0.2528136760854556,-0.22411032768920938,-0.18293633089972025,-0.12461454322529286,-0.056929758512828804,-0.0664767964290085,1.1182208702513101,1.445684915192999,1.4139804495198176,1.8584147915598879,0.9263209053159016,0.9279744752486656,0.2596548727572859,-0.10095419149301187,fair,0,6
4,0.09994942184860864,3.4188595139826297,3.6746351535589135,3.6143404827108547,3.6490536565138227,3.4830762336047894,3.4051534502861798,1.7030522551084966,1.729780255838262,1.7932019203320848,1.449979766890305,1.4557362184216756,1.622537687184786,0.5798923550385635,0.06860834626256726,fair,0,6
5,-0.04225504013111919,0.11628964661713445,0.07759872233099221,0.054197368703932686,-0.1385284195543977,-0.0761069040388064,-0.1989920642441265,1.6834246014215557,1.0339540956286664,1.0331578202558809,0.6267528522630375,0.5301351920547351,0.4701779588469426,8.96160648877,0.004126817820304773,fair,0,6
