cluster_id,AGE,BILL_AMT1,BILL_AMT2,BILL_AMT3,BILL_AMT4,BILL_AMT5,BILL_AMT6,LIMIT_BAL,PAY_AMT1,PAY_AMT2,PAY_AMT3,PAY_AMT4,PAY_AMT5,PAY_AMT6,SEX,type,seed,k
0,0.04478426962778004,-0.3198350876512516,-0.3326788136838542,-0.33653682958789954,-0.3327304736994978,-0.3420025580166832,-0.33864254848525205,-0.18864100453448254,-0.10425579419925507,-0.14069835601601505,-0.092769992519012,-0.07147474397720859,-0.06996828999412999,-0.05294937115697062,-1.285503751024945,fair,3,4
1,-0.041825094667839596,-0.3938175104246826,-0.39664615541914355,-0.3913116546506654,-0.37941013893699566,-0.37993637894613247,-0.3735746718461506,-0.12823898888895088,-0.16426992239653282,-0.14051894039544313,-0.08726638041400628,-0.08698509669867747,-0.11287940032314431,-0.0638696052466207,0.7779051591274546,fair,3,4
2,0.04062984627992216,1.2415671982025829,1.2431755051233542,1.2451322835549137,1.185302021902297,1.243893634342682,1.2324905279870193,0.4593132664793353,0.5260938162042699,0.377646805873596,0.1757649158004882,0.13078466258915936,0.18017203268319312,0.20075397597460132,0.04883401087360677,fair,3,4
3,0.028847190858744712,3.521161345192049,3.684202626858607,3.628868621915588,3.6845242337669863,3.5091466579589694,3.4294317386492548,1.7177729953737022,1.1441964948680678,1.8235565271028948,1.4608530002986146,1.4583080923938452,1.619857997454455,0.5844777247311065,0.13308987470482975,fair,3,4
