cluster_id,AGE,BILL_AMT1,BILL_AMT2,BILL_AMT3,BILL_AMT4,BILL_AMT5,BILL_AMT6,LIMIT_BAL,PAY_AMT1,PAY_AMT2,PAY_AMT3,PAY_AMT4,PAY_AMT5,PAY_AMT6,SEX,type,seed,k
0,0.03606046066931062,-0.3522790705884866,-0.3573851189562496,-0.35708607239194484,-0.3574225489796629,-0.3685940120218183,-0.37120591981326734,-0.36453616262383165,-0.1844615418472353,-0.2237869526878327,-0.21176561616649747,-0.15446521090815682,-0.18897960994588037,-0.1865403699802924,-1.285503751024945,fair,4,7
1,-0.07081905327336756,-0.3982499920027272,-0.39839216145389056,-0.40014673890182373,-0.39348849763217425,-0.40266026237235014,-0.3922068557950311,-0.3348334972419866,-0.22482094294400587,-0.2683998948991837,-0.2282282360384933,-0.14621105678720758,-0.18736448956215923,-0.16523313324959057,0.7779051591274547,fair,4,7
2,-0.0031300029726755657,1.1427229049162282,1.117928980685231,1.1244475139306247,1.1057434109944166,1.1208759737987033,1.0931573579684224,0.31984788278157117,0.259824041934693,0.23928273006681908,0.053503998197185106,-0.04053378597528877,0.0268917845381597,0.046090026994580494,0.01845604636302977,fair,4,7
3,0.12026434498856976,1.8168711220121332,1.8652603532023,1.83812667089018,1.5298298186250914,0.816403761465721,1.8177953593456078,0.9473875881612681,0.7296307195429254,2.5083321904804388,1.4689207357880616,0.6739182113006338,9.117474622428677,0.48743801247622615,-0.5117254097177951,fair,4,7
4,0.21569723973908475,-0.34563554329327967,-0.37504233669772535,-0.3517975092277318,-0.3162709453606243,-0.21769683122155656,-0.25664919756626065,1.446295157459559,0.550704210457007,0.8709761769402667,1.128956718064945,0.7164294481851289,0.43834738163482073,0.3007116845696774,0.10609760698481288,fair,4,7
5,0.11099788881946467,3.239410945162716,3.4128272196818257,3.361821217260797,3.3809587548380806,3.4284153444881267,3.335881363415772,1.5475805772198323,1.3965666320652677,1.0962628477041356,1.001315657497085,1.1121866362264945,0.45907204145064745,0.4115441540890855,0.1263023453951179,fair,4,7
6,-0.2589475536240378,-0.00012581417160420494,0.07414930443000645,0.06253065769031196,-0.11990732981080217,-0.07409539529725687,-0.20310410288039504,1.3890097961174406,0.7688498165596984,1.0969803267996352,0.5339399442145871,0.44184474581640754,0.33049017547117643,9.018921253621704,0.004126817820304773,fair,4,7
