cluster_id,AGE,BILL_AMT1,BILL_AMT2,BILL_AMT3,BILL_AMT4,BILL_AMT5,BILL_AMT6,LIMIT_BAL,PAY_AMT1,PAY_AMT2,PAY_AMT3,PAY_AMT4,PAY_AMT5,PAY_AMT6,SEX,type,seed,k
0,-0.5558890669832705,-0.34941780480386586,-0.3524670406081176,-0.3517962323023077,-0.3453168801004535,-0.3624705131525436,-0.35495462687009993,-0.591646450937357,-0.21189369501303593,-0.23556093867160577,-0.21735984376467207,-0.16811867091707777,-0.18913964101744365,-0.175484719048247,-0.04041905683916867,fair,8,6
1,0.0258108743894387,1.220343733830041,1.1987404375720583,1.2040597015830425,1.1761286680204759,1.2020096943489489,1.2029051745445751,0.3997127352837209,0.28297041733589307,0.27141632566006013,0.11800535902828742,-0.00401487262515727,0.24938298898093877,0.045870453142947534,-0.020833773834764577,fair,8,6
2,0.7822335477931565,-0.41029833281015776,-0.4206512008604873,-0.4227812083951753,-0.4263399849483121,-0.4010252806963809,-0.3967284994501977,0.42940902013028853,-0.059067230684730174,-0.05233064526698204,-0.06935600241778878,0.02949269998796528,-0.0022995379775766836,-0.04788898544111257,0.04816298358575233,fair,8,6
3,-0.07205026073639549,0.18339136818500953,0.2717964495180363,0.33098793257211184,0.601909552979828,0.7575050907615526,0.5780130706833633,0.7550365820292464,1.4834321745832753,3.420474388827091,7.3349705928936775,2.4213663175370916,0.7802309575487048,0.2578471853136512,0.3652233770969747,fair,8,6
4,0.03990753790161243,3.5512431338767083,3.8045704609983213,3.7763985760891896,3.8194106704540753,3.6085754812521253,3.5320723858150638,1.7887596762081388,1.7261941809259957,1.436766498564197,0.9345325374080091,1.378053720304915,1.3080881185172701,0.554289215261979,0.09010218907665475,fair,8,6
5,-0.04225504013111919,0.11628964661713445,0.07759872233099221,0.054197368703932686,-0.1385284195543977,-0.0761069040388064,-0.1989920642441265,1.6834246014215557,1.0339540956286664,1.0331578202558809,0.6267528522630375,0.5301351920547351,0.4701779588469426,8.96160648877,0.004126817820304773,fair,8,6
