cluster_id,AGE,BILL_AMT1,BILL_AMT2,BILL_AMT3,BILL_AMT4,BILL_AMT5,BILL_AMT6,LIMIT_BAL,PAY_AMT1,PAY_AMT2,PAY_AMT3,PAY_AMT4,PAY_AMT5,PAY_AMT6,SEX,type,seed,k
0,-0.2327404233395858,-0.3726655200863648,-0.37539360670356653,-0.37826839650780725,-0.36589549811131433,-0.37585093234805705,-0.36824822124186607,-0.5134706362524833,-0.22193063305957864,-0.24901114326992513,-0.22516923202419756,-0.15257368171494506,-0.1988685265434954,-0.1718316198405858,0.7779051591274546,fair,2,7
1,-0.019750789434721163,-0.3126422546177118,-0.3251611771206899,-0.3238399552619059,-0.32465133686564107,-0.3376314379965567,-0.33697459908304156,-0.4913341847258582,-0.1749931184793779,-0.20242371337504786,-0.1626827070120157,-0.12476051297158702,-0.15041653342793215,-0.17539932407698738,-1.285503751024945,fair,2,7
2,0.022051872745494316,1.299900648227516,1.270993443944304,1.2758408973280944,1.2368556838847127,1.2738242297676374,1.2717093863194542,0.41744093861386117,0.17040183280876225,0.2956935788409305,0.09561639288599035,-0.02267389132069443,0.22342484127722587,0.04364511971353072,0.04200407928289253,fair,2,7
3,-0.042255040131119186,0.07624902192705982,0.4889755618119507,0.5023802419344594,0.687351858721322,0.9628807385421889,0.8080096463235001,0.6480658694354179,3.9049161209938177,2.250255080312702,5.003916013394774,2.5817878925635247,0.5346194813993452,0.24992246005673416,-0.1248362390642202,fair,2,7
4,0.593405458119277,-0.42046544705251593,-0.42882797694105884,-0.4233009128502477,-0.4432189706428969,-0.39563018969108504,-0.3808986444405072,1.2577577764625092,0.0600602009890032,0.13409883698926026,0.027692280148549374,0.11519566204005859,0.22074292863040604,0.0970127932175274,0.2187879060539012,fair,2,7
5,0.02746778249738933,3.8435227790517352,3.9737513655246715,3.9433144854985507,4.043192505560953,3.6622647934099093,3.6022014204289303,1.8480788073508938,1.0209029369471634,1.5694500948905628,0.9970973243099903,1.1764635161441457,1.4109236665760874,0.5867239816401766,0.1665247413045214,fair,2,7
6,-0.04225504013111919,0.11628964661713445,0.07759872233099221,0.054197368703932686,-0.1385284195543977,-0.0761069040388064,-0.1989920642441265,1.6834246014215557,1.0339540956286664,1.0331578202558809,0.6267528522630375,0.5301351920547351,0.4701779588469426,8.96160648877,0.004126817820304773,fair,2,7
