cluster_id,AGE,BILL_AMT1,BILL_AMT2,BILL_AMT3,BILL_AMT4,BILL_AMT5,BILL_AMT6,LIMIT_BAL,PAY_AMT1,PAY_AMT2,PAY_AMT3,PAY_AMT4,PAY_AMT5,PAY_AMT6,SEX,type,seed,k
0,-0.57365066121326,-0.3538422381786244,-0.35104034978052107,-0.3500556886015457,-0.34350519865308365,-0.35507729923050035,-0.34787052050384226,-0.5321759377924816,-0.2091335436104742,-0.2364467407605051,-0.20964874296809569,-0.15529931034692174,-0.18439137758880822,-0.16098862281720702,0.7779051591274546,fair,0,7
1,-0.04969430775983735,-0.3114665683968298,-0.33153645735046466,-0.3302479573656476,-0.33481566676751934,-0.3439686456532383,-0.33902348945471733,-0.32979213062277996,-0.159309115193516,-0.1688320210735935,-0.15420658607973614,-0.10807961566045703,-0.10392243958430658,-0.16548284245453962,-1.285503751024945,fair,0,7
2,0.008156065438413945,1.275464585758852,1.2462712942876377,1.2501408781578547,1.226193345540396,1.2586043561858018,1.2504220217829682,0.42725476545733165,0.1720760114886095,0.29320132760153683,0.09705934481431758,-0.016849953132905673,0.2233694590854244,0.05475337535168035,0.04711450344847976,fair,0,7
3,0.8704609147739252,-0.44715591998601906,-0.4555132743449853,-0.453951265003591,-0.45257320779035215,-0.4246033814590473,-0.4147614492637767,0.5300706522940646,-0.09996498540563463,-0.0479313562230053,-0.08879031063870355,0.005505093559262485,-0.012123515427698468,-0.049532821641024766,0.5754211071966117,fair,0,7
4,0.007403660877674665,0.011086200568483116,0.4233086571117748,0.38189680574205054,0.5562090854905283,0.8291339015422142,0.7164246747448096,0.8797812254618047,3.834269027141841,2.0270600781770494,4.469927669625821,2.396404963819793,0.7741032836032677,0.6021534164093441,-0.2537992959487452,fair,0,7
5,0.04480891618299988,3.8185408419844658,3.951751748091339,3.9294611439201037,3.960304224265606,3.605040559915111,3.5510635933055332,1.8278280535469071,1.0051954264787968,1.5397170808557843,0.96713386646421,1.134911912046289,1.3679606802333122,0.5757711774474752,0.11466658086418333,fair,0,7
6,-0.04225504013111919,0.11628964661713445,0.07759872233099221,0.054197368703932686,-0.1385284195543977,-0.0761069040388064,-0.1989920642441265,1.6834246014215557,1.0339540956286664,1.0331578202558809,0.6267528522630375,0.5301351920547351,0.4701779588469426,8.96160648877,0.004126817820304773,fair,0,7
