cluster_id,AGE,BILL_AMT1,BILL_AMT2,BILL_AMT3,BILL_AMT4,BILL_AMT5,BILL_AMT6,LIMIT_BAL,PAY_AMT1,PAY_AMT2,PAY_AMT3,PAY_AMT4,PAY_AMT5,PAY_AMT6,SEX,type,seed,k
0,0.05390679225714714,-0.33279542119683386,-0.3473660161028803,-0.34774728542062594,-0.3492436055955137,-0.3590171000291215,-0.3631468741916841,-0.23637655543942426,-0.14274867677366349,-0.16791802777713785,-0.14617119183644672,-0.11791166532583132,-0.1585907184306916,-0.16255481289125226,-1.285503751024945,fair,2,5
1,-0.03558033464137055,-0.39666605973590097,-0.39820486673856204,-0.40025091206825697,-0.39336244047582886,-0.39068254825576976,-0.3842010085473364,-0.15621637527931012,-0.17604315766973158,-0.2041928493623747,-0.17398587910843263,-0.09929868883319573,-0.13777203937115723,-0.11399366216710784,0.7779051591274546,fair,2,5
2,-0.00487558155359074,1.2336021630101288,1.2063011313195637,1.208845627916155,1.1762749094917746,1.204946951388345,1.1776817572731348,0.37661541894502387,0.29346884867937467,0.2703883679035932,0.07912492588252217,-0.0026601720985092235,0.05305302907929614,0.043405074950470524,0.03507795147259076,fair,2,5
3,0.04239047295205212,0.05437783744471136,0.10969430215038105,0.1591898175378017,0.16605902149169813,0.2596173347802366,0.4238736577641997,1.1583848652958837,1.0675625995168274,2.0830901318828428,2.8214762819582098,1.3604083992259055,2.4645788361631022,2.5483496218167736,-0.1248362390642202,fair,2,5
4,0.021849828443869204,3.556503963298625,3.804307709439042,3.7759405331170655,3.834098211807946,3.644669386151981,3.541299597451214,1.7835256352249547,1.6861542656459825,1.428021807925849,0.8876100446026687,1.3559534603801227,0.9321558314719652,0.5429613571164271,0.09010218907665475,fair,2,5
