cluster_id,AGE,BILL_AMT1,BILL_AMT2,BILL_AMT3,BILL_AMT4,BILL_AMT5,BILL_AMT6,LIMIT_BAL,PAY_AMT1,PAY_AMT2,PAY_AMT3,PAY_AMT4,PAY_AMT5,PAY_AMT6,SEX,type,seed,k
0,0.05120321147730713,-0.36706294212582513,-0.37720523700642905,-0.38025964122110045,-0.3738185782202518,-0.37581582555276655,-0.38084004392657583,-0.29249547133932385,-0.19809319458913346,-0.21181916858878758,-0.1931126263000803,-0.12317802997272835,-0.17474629965881497,-0.17551086263601404,-1.285503751024945,fair,1,6
1,-0.04652869803611843,-0.4267631918316441,-0.42740256643940516,-0.43224769716418493,-0.42342618595136167,-0.4247875546899841,-0.4101618385156077,-0.23786099248080897,-0.22795601977720029,-0.25913108702596066,-0.21705005940004687,-0.12551189406057323,-0.17060469222862246,-0.1351427803099244,0.7779051591274546,fair,1,6
2,-0.036450776376844594,1.004259886170397,0.9607758940346256,0.9523954109828575,0.9427410716513175,0.9323301945820014,0.9073669298625252,0.25481180806492143,0.05900802850560519,0.15204996828279607,0.009443745059144247,-0.03937624756835205,0.029838627836917455,0.005434692699180819,0.09456844212893267,fair,1,6
3,0.09046912438329344,-0.2836329949283036,-0.23992185640465263,-0.19663852359008485,-0.13725606803255266,-0.14557369599555184,-0.11881956234294982,1.2522704754317515,1.4282518326720464,1.3560681126000498,1.525746728837678,0.5661932683498768,1.1062137006438222,1.318501160303895,-0.04745840493350521,fair,1,6
4,0.13797479080289482,2.8965769238942585,3.04236401129082,3.086586754421982,2.964213174963088,2.959385962147088,2.8960354643136856,1.3882548863602506,1.2000358142183074,1.3541783014858584,0.9511849335062513,0.5506543554023391,1.0331516337432562,0.5600455598284925,0.02396728811023169,fair,1,6
5,-0.24540427153073038,3.6475715933390487,3.4679634246847306,3.1857947211677766,2.4363883428967394,4.200982089414681,4.385271058377156,1.477334237708675,0.629140542168912,0.5724705774510812,4.83476516747487,17.337438161589656,0.6793561632509759,0.6194664989163945,-0.2537992959487452,fair,1,6
