cluster_id,AGE,BILL_AMT1,BILL_AMT2,BILL_AMT3,BILL_AMT4,BILL_AMT5,BILL_AMT6,LIMIT_BAL,PAY_AMT1,PAY_AMT2,PAY_AMT3,PAY_AMT4,PAY_AMT5,PAY_AMT6,SEX,type,seed,k
0,0.04425612915878325,-0.3349082696896214,-0.33825166539094625,-0.33655846538886086,-0.3403628395874846,-0.3506430752067661,-0.35448280833576956,-0.27526836293613816,-0.17433853109248185,-0.20345042929244472,-0.1920091965033258,-0.1351172328895829,-0.17389406414841416,-0.16778945584753222,-1.285503751024945,fair,9,5
1,-0.05093075783571147,-0.3913800179366524,-0.39374609841343344,-0.39714412243585284,-0.3897404951645674,-0.39299045046297926,-0.3798817267880895,-0.21944115184527296,-0.21736082951946997,-0.24806739296917688,-0.21385483571595892,-0.12625053969734104,-0.15522383328890835,-0.13123799348971746,0.7779051591274546,fair,9,5
2,0.01750587595892959,1.311312179873414,1.270419646262458,1.2731837068767142,1.2391677635712715,1.2715792341447172,1.2490964469785912,0.41140166055634086,0.14647140344287685,0.2743129014774451,0.08295879226832907,-0.002970080841079334,0.06568139447783791,0.09960851888334485,0.08529237809727853,fair,9,5
3,0.09271077107459949,-0.2299201102854678,-0.23397310611938843,-0.18839322057989563,-0.16477203702712545,-0.07449522031498891,-0.06351206733816796,1.2309733431553467,1.3408417521507452,1.3886395986982416,1.7127858832890606,0.9186574882269036,1.0902083207766107,1.355260299625146,-0.07591921748733141,fair,9,5
4,0.09994942184860864,3.4188595139826297,3.6746351535589135,3.6143404827108547,3.6490536565138227,3.4830762336047894,3.4051534502861798,1.7030522551084966,1.729780255838262,1.7932019203320848,1.449979766890305,1.4557362184216756,1.622537687184786,0.5798923550385635,0.06860834626256726,fair,9,5
