cluster_id,AGE,BILL_AMT1,BILL_AMT2,BILL_AMT3,BILL_AMT4,BILL_AMT5,BILL_AMT6,LIMIT_BAL,PAY_AMT1,PAY_AMT2,PAY_AMT3,PAY_AMT4,PAY_AMT5,PAY_AMT6,SEX,type,seed,k
0,0.05701676161006005,-0.3447552980970017,-0.35950918886029565,-0.3598266228208543,-0.3652656930242376,-0.36990826116313413,-0.360037184971961,-0.22756209163712923,-0.1315329149977158,-0.1629614970208188,-0.1799462915926346,-0.11219606590365089,-0.07978494645177123,-0.17028534330835896,-1.285503751024945,fair,9,6
1,-0.03181369585877381,-0.4051313288227073,-0.4055719503853194,-0.4033112610001937,-0.39866375427201955,-0.3955786293443362,-0.3878950558452618,-0.1512392197431533,-0.17310820731534138,-0.16677809326484924,-0.16309504273928432,-0.08954609080758934,-0.1209576747244477,-0.12055376971547989,0.7779051591274546,fair,9,6
2,-0.01209866533668803,1.1337421082588286,1.1040557126429984,1.1103665644048897,1.095965046838146,1.115586842368031,1.0872033155491663,0.3493984058324657,0.2664317624201614,0.24446928798641235,0.07102105944811354,-0.013274993910871558,0.05012336235094833,0.05065218970016749,0.02132189207157477,fair,9,6
3,-0.13705801478427107,0.1468658608952295,0.19876762036360227,0.1775044265090159,0.44704660596958734,0.48479073638639175,0.3030096737442669,0.5856779702162126,1.3338888110003229,2.4867402608096483,6.165594969506725,2.2969973878769196,0.5321158446230313,0.26267074378863753,-0.10641294522357378,fair,9,6
4,0.10401240647660086,3.2083820852964586,3.4206752164462215,3.3862122133498893,3.363491359559993,3.2661147393363414,3.286008399948025,1.6186533442546502,1.3895525872219923,1.2270015149873021,0.7580538584934309,1.0679592562326377,1.554832292987579,0.4330488360162293,0.004126817820304773,fair,9,6
5,-0.1803965174828548,0.004882162589749295,-0.011919940946006602,-0.04008215589667656,-0.17625772244797083,-0.1468982923236548,-0.2151242517710262,1.6186533442546502,0.9493877925615143,0.9389234772905424,0.5903881672474063,0.42251853853438526,0.56830141395631,8.092836804473704,-0.04745840493350521,fair,9,6
