cluster_id,AGE,BILL_AMT1,BILL_AMT2,BILL_AMT3,BILL_AMT4,BILL_AMT5,BILL_AMT6,LIMIT_BAL,PAY_AMT1,PAY_AMT2,PAY_AMT3,PAY_AMT4,PAY_AMT5,PAY_AMT6,SEX,type,seed,k
0,0.055597415258274094,-0.3265535128680163,-0.34691061929930145,-0.34682700903753877,-0.3478917731812964,-0.35707387105554056,-0.3483750080082825,-0.23352124459276483,-0.16172309147187666,-0.16137303049192384,-0.14235177879238362,-0.11573183993700181,-0.08862100422810516,-0.1619988674733355,-1.285503751024945,fair,0,5
1,-0.03421715726273349,-0.39977051948139636,-0.40007597808144163,-0.3978291746311921,-0.3918398908612848,-0.38854836918323654,-0.38082224415714344,-0.1493674020041423,-0.1787492230607635,-0.17415042435638528,-0.16661637505370594,-0.09476534720406368,-0.12442027228253218,-0.11797546024018407,0.7779051591274546,fair,0,5
2,-0.008945886874606374,1.248023175604702,1.2087379727593486,1.209620415168777,1.1892889685422454,1.2272915423310164,1.2010913152517582,0.3914475594068312,0.1610593233872791,0.2846264698187306,0.08191386202396007,-0.0011234751298377194,0.0952832075931646,0.043315007205310216,0.0529236501549899,fair,0,5
3,0.009983333657352251,-0.0603415510175937,0.23458673222452417,0.23891292780562604,0.2315914061454431,0.406998179375475,0.39433087210579193,1.1745075808244425,2.9938521787033188,1.3684369117520168,2.674128779993308,1.778730427745266,1.2577460720122355,3.0050678601615997,-0.18010612058615946,fair,0,5
4,0.0362959960100638,3.742946330332821,3.871424659126268,3.825344240811557,3.8449738362726302,3.5322336469807323,3.4590339155864496,1.7730575532585862,0.97067835017974,1.7991904309891316,1.2655545434121476,1.0645796275907469,1.288650416658754,0.5471687754735725,0.09010218907665475,fair,0,5
