cluster_id,AGE,BILL_AMT1,BILL_AMT2,BILL_AMT3,BILL_AMT4,BILL_AMT5,BILL_AMT6,LIMIT_BAL,PAY_AMT1,PAY_AMT2,PAY_AMT3,PAY_AMT4,PAY_AMT5,PAY_AMT6,SEX,type,seed,k
0,0.05219153236168249,-0.329236162448119,-0.342473316804136,-0.344043138550891,-0.3466031325971799,-0.3557942237550515,-0.3466839341761185,-0.22613949543688844,-0.12169585177675468,-0.16221807645381184,-0.16072966999829885,-0.11010120595171095,-0.07869736532348302,-0.1602231957132319,-1.285503751024945,fair,6,6
1,-0.031580396200141664,-0.39880357127565885,-0.39921840365352457,-0.39908051148770024,-0.39417292497259027,-0.3909303036123521,-0.3820029142339703,-0.15260049025737843,-0.17599349095804936,-0.18484624420024906,-0.1688990021586777,-0.09773055746122053,-0.12423038110949576,-0.11415372246718625,0.7779051591274545,fair,6,6
2,-0.0021779808754135922,1.2324692878896486,1.2021673373252046,1.2026248517233047,1.1811175588606244,1.2092903466459395,1.1804603551958412,0.3816571890349483,0.29715516842239115,0.27301950538044306,0.08084116508417295,-0.0010096524680403584,0.05413720853187694,0.04370505086098984,0.062028598462336396,fair,6,6
3,-0.09642816850434882,-0.025498753801272325,0.03533611987497241,0.1233093734040987,0.3708470994605929,0.48597763895089974,0.2995616531988921,0.9375737613177976,1.1666263549089904,2.8184081613419116,5.364377743801619,2.2477582003281555,0.725813671837787,0.6046971786528491,0.13308987470482975,fair,6,6
4,0.05414126182712767,3.3589713073141634,3.5948046534966274,3.568978327426733,3.542842678930543,3.387522210215986,3.4184301390412206,1.7382665749585966,1.5526140823197359,1.3700041385246557,0.8548091692085277,1.2176375439380287,1.811426591433388,0.49896117597176,-0.07173380387647463,fair,6,6
5,-0.04225504013111919,0.11628964661713445,0.07759872233099221,0.054197368703932686,-0.1385284195543977,-0.0761069040388064,-0.1989920642441265,1.6834246014215557,1.0339540956286664,1.0331578202558809,0.6267528522630375,0.5301351920547351,0.4701779588469426,8.96160648877,0.004126817820304773,fair,6,6
