cluster_id,AGE,BILL_AMT1,BILL_AMT2,BILL_AMT3,BILL_AMT4,BILL_AMT5,BILL_AMT6,LIMIT_BAL,PAY_AMT1,PAY_AMT2,PAY_AMT3,PAY_AMT4,PAY_AMT5,PAY_AMT6,SEX,type,seed,k
0,-0.004498011264928835,-0.31103573577193167,-0.3250546475080123,-0.32416212028230673,-0.32538896693205965,-0.33578179385497575,-0.3374248525604851,-0.5003005655967437,-0.17484033003073138,-0.20396756307063083,-0.16291517455050122,-0.12437090793461507,-0.14709703096074583,-0.17709571556209744,-1.285503751024945,fair,9,7
1,-0.2027899340443338,-0.371292251559014,-0.37437624574277417,-0.3776095936158595,-0.36471326628853024,-0.3753125808683944,-0.36813510512219755,-0.5168151942072173,-0.21873420490255496,-0.2461811868879408,-0.2223062223231425,-0.15242890802068818,-0.19588876283260928,-0.16540159425011425,0.7779051591274547,fair,9,7
2,0.024340546989764827,1.23747292640653,1.2191104745432972,1.2231714044816597,1.2031793557438442,1.228128815656398,1.229544792581779,0.3952413854782865,0.3018542746700836,0.2844069853075514,0.09162004026036373,-0.023987940936622126,0.21739998860741946,0.0539056977576777,0.037924032727973386,fair,9,7
3,-0.11900030532652785,0.09110087336928833,0.17360644899451153,0.1843156847038905,0.462738025385862,0.5672732590431739,0.3805474926515651,0.6726004365440942,1.5626978601992747,2.9275927967445834,6.538318646708401,2.6543590911645616,0.6394872203825906,0.24721428008073412,0.09010218907665475,fair,9,7
4,0.5151864508294139,-0.44783105120279393,-0.4543544755134898,-0.4476133424234923,-0.4637324596822518,-0.4165172386287513,-0.39765214381044245,1.323976836901376,0.056703753914526075,0.13942006714870842,0.029171713447868813,0.12093324286066007,0.21603166294542736,0.07695383255571263,0.20015066428478273,fair,9,7
5,0.032233011382071554,3.508239868698439,3.753902246491177,3.7376785068344813,3.700949414924601,3.5263584744827,3.4585596943076724,1.739854105771511,1.6233441510451667,1.3769849776616323,0.8860067853592672,1.2929262278463958,1.2397289628207917,0.533614523198099,0.004126817820304773,fair,9,7
6,-0.04225504013111919,0.11628964661713445,0.07759872233099221,0.054197368703932686,-0.1385284195543977,-0.0761069040388064,-0.1989920642441265,1.6834246014215557,1.0339540956286664,1.0331578202558809,0.6267528522630375,0.5301351920547351,0.4701779588469426,8.96160648877,0.004126817820304773,fair,9,7
