cluster_id,AGE,BILL_AMT1,BILL_AMT2,BILL_AMT3,BILL_AMT4,BILL_AMT5,BILL_AMT6,LIMIT_BAL,PAY_AMT1,PAY_AMT2,PAY_AMT3,PAY_AMT4,PAY_AMT5,PAY_AMT6,SEX,type,seed,k
0,0.054943344960304744,-0.3560250548884558,-0.3670134568683721,-0.3700266901089986,-0.37205983989169555,-0.37811858355127764,-0.3822868892355596,-0.2389505275426147,-0.11572527034968745,-0.16354508923727604,-0.15125115251416807,-0.08283423697155033,-0.13774192473006577,-0.16443510328291228,-1.285503751024945,fair,4,6
1,-0.01849041306173072,-0.4211803605503006,-0.42109013080446617,-0.42152669859076985,-0.4194902085686528,-0.4131248057819028,-0.406337720957076,-0.15698682966642466,-0.17429905478187935,-0.18147308180916483,-0.1677347467416918,-0.09043362095681755,-0.1265836978153411,-0.12134404275882718,0.7779051591274545,fair,4,6
2,-0.08255253593022406,0.899004974336566,0.880058446610435,0.8982510107658106,0.924395438328115,0.9191684012223501,0.8849466522539576,0.33266874109480304,0.27223112409782646,0.3573011346249335,0.4133263500188094,0.09015923655970592,0.020761612548450877,0.02398477890753384,0.06900393846159955,fair,4,6
3,0.12026434498856976,1.8168711220121332,1.8652603532023,1.83812667089018,1.5298298186250914,0.816403761465721,1.8177953593456078,0.9473875881612681,0.7296307195429254,2.5083321904804388,1.4689207357880616,0.6739182113006338,9.117474622428677,0.48743801247622615,-0.5117254097177951,fair,4,6
4,0.1450936954929667,3.009433264600928,3.1356153854035935,3.107020324101272,3.0902063467375442,3.194597903214813,3.116208617861042,1.3988236229609112,1.1970683688304236,0.9781028962107846,0.8218723004814142,0.8995336714803495,0.3931165784201461,0.36432578447212277,0.004126817820304773,fair,4,6
5,-0.1803965174828548,0.004882162589749295,-0.011919940946006602,-0.04008215589667656,-0.17625772244797083,-0.1468982923236548,-0.2151242517710262,1.6186533442546502,0.9493877925615143,0.9389234772905424,0.5903881672474063,0.42251853853438526,0.56830141395631,8.092836804473704,-0.04745840493350521,fair,4,6
