cluster_id,AGE,BILL_AMT1,BILL_AMT2,BILL_AMT3,BILL_AMT4,BILL_AMT5,BILL_AMT6,LIMIT_BAL,PAY_AMT1,PAY_AMT2,PAY_AMT3,PAY_AMT4,PAY_AMT5,PAY_AMT6,SEX,type,seed,k
0,0.05457482027749366,-0.35243468389659166,-0.3644553534546493,-0.3665641928939074,-0.36451186913494943,-0.3734619968808382,-0.3762434943958725,-0.245893643132553,-0.13961738741568502,-0.16207004365323158,-0.13934680314308792,-0.11586619655968582,-0.14984246213360278,-0.16901845328538365,-1.285503751024945,fair,3,6
1,-0.029624147568308282,-0.43020089002507766,-0.4281884989833186,-0.42735552143180067,-0.42173538022840557,-0.41540442253789406,-0.4056523038799225,-0.1539510512451286,-0.17687846261651619,-0.17229657940563226,-0.1706822010741323,-0.09121622049783693,-0.12813308796498815,-0.11528677115200205,0.7779051591274546,fair,3,6
2,-0.041133621868616035,1.0162135381262445,0.9706699628852167,0.981193009821103,0.9769438962289357,0.976532638608951,0.9403122987509566,0.2939242389788439,0.09291120492313842,0.18804596338011612,0.025992056090439787,-0.03002479620545965,0.01834400250490709,0.02538537600405674,0.08134036780212227,fair,3,6
3,0.03449022506428947,0.2540606260191199,0.5581329616688452,0.5373581187533001,0.5841550578073603,0.7745279290317305,1.015922780758087,0.9114035564018762,2.897578585740817,1.7603521007875054,3.505117586893031,1.877029143326794,2.9063486956452746,0.4727283852747967,-0.33977466720509514,fair,3,6
4,0.09511253538671313,3.366379098673654,3.4316249024062864,3.413958786887863,3.3618835570305583,3.2337973443430905,3.1638378706478196,1.5221974461359689,0.7777191344598794,1.1774414004785707,0.6862954267748709,0.7813447274522952,0.679121425978953,0.41497153270742193,0.09010218907665475,fair,3,6
5,-0.04225504013111919,0.11628964661713445,0.07759872233099221,0.054197368703932686,-0.1385284195543977,-0.0761069040388064,-0.1989920642441265,1.6834246014215557,1.0339540956286664,1.0331578202558809,0.6267528522630375,0.5301351920547351,0.4701779588469426,8.96160648877,0.004126817820304773,fair,3,6
