cluster_id,AGE,BILL_AMT1,BILL_AMT2,BILL_AMT3,BILL_AMT4,BILL_AMT5,BILL_AMT6,LIMIT_BAL,PAY_AMT1,PAY_AMT2,PAY_AMT3,PAY_AMT4,PAY_AMT5,PAY_AMT6,SEX,type,seed,k
0,0.05390679225714714,-0.33279542119683386,-0.3473660161028803,-0.34774728542062594,-0.3492436055955137,-0.3590171000291215,-0.3631468741916841,-0.23637655543942426,-0.14274867677366349,-0.16791802777713785,-0.14617119183644672,-0.11791166532583132,-0.1585907184306916,-0.16255481289125226,-1.285503751024945,fair,7,5
1,-0.03490297270903803,-0.39641007124190347,-0.39801499172861127,-0.4001764581428698,-0.39381215195674896,-0.39034746529524184,-0.3844063210450344,-0.15472519457851686,-0.1716260583555806,-0.20021492178710532,-0.1737668569077862,-0.0969679119913668,-0.13645084373867164,-0.1096093018880093,0.7779051591274546,fair,7,5
2,-0.00487558155359074,1.2336021630101288,1.2063011313195637,1.208845627916155,1.1762749094917746,1.204946951388345,1.1776817572731348,0.37661541894502387,0.29346884867937467,0.2703883679035932,0.07912492588252217,-0.0026601720985092235,0.05305302907929614,0.043405074950470524,0.03507795147259076,fair,7,5
3,0.03419897168593877,0.06488137083573743,0.12307689615080267,0.17605944031735987,0.19121321786648496,0.27529827776015064,0.45318584454431377,1.177221081334158,1.0378602476862657,2.093996534120366,2.914642129788851,1.3706544132763225,2.5276422237636287,2.5649304846305028,-0.15395692932846777,fair,7,5
4,0.021849828443869204,3.556503963298625,3.804307709439042,3.7759405331170655,3.834098211807946,3.644669386151981,3.541299597451214,1.7835256352249547,1.6861542656459825,1.428021807925849,0.8876100446026687,1.3559534603801227,0.9321558314719652,0.5429613571164271,0.09010218907665475,fair,7,5
