cluster_id,AGE,BILL_AMT1,BILL_AMT2,BILL_AMT3,BILL_AMT4,BILL_AMT5,BILL_AMT6,LIMIT_BAL,PAY_AMT1,PAY_AMT2,PAY_AMT3,PAY_AMT4,PAY_AMT5,PAY_AMT6,SEX,type,seed,k
0,0.042706192550690324,-0.3283143250269727,-0.3414298459873335,-0.344201824621392,-0.34130372454762037,-0.34937485613903474,-0.3468895788066234,-0.19524479126659933,-0.1059047552904904,-0.14123314704217832,-0.09214341824972225,-0.07196189397440039,-0.07286552463996687,-0.05942781827251154,-1.285503751024945,fair,2,4
1,-0.04060605768063665,-0.39589871635083335,-0.3987981026625034,-0.3934567655478719,-0.38610473280732804,-0.38282483137562023,-0.37625385131134004,-0.13260348806209019,-0.16787642899710473,-0.14422540912702533,-0.1344375913568483,-0.0871180564019202,-0.11574181013223475,-0.06306039888320528,0.7779051591274546,fair,2,4
2,0.03179329443099015,1.23210976569884,1.215398136835762,1.2195102230404582,1.1970336133496728,1.1721438341589474,1.1614347718070643,0.4684218572812403,0.4070791720259585,0.3840907832896588,0.2754610473042493,0.02337806084080931,0.1807523614490345,0.19850237488853162,0.02757464634476386,fair,2,4
3,0.0637012256576976,3.2560620016921944,3.4944476018608097,3.4224715484854764,3.3894339122038737,3.527666774057286,3.456614225222156,1.6181915171090753,1.5985963920851298,1.6773664140044025,1.5761422076644174,1.836060997468115,1.5532929816508225,0.5737042820706781,0.17102018555321946,fair,2,4
