cluster_id,AGE,BILL_AMT1,BILL_AMT2,BILL_AMT3,BILL_AMT4,BILL_AMT5,BILL_AMT6,LIMIT_BAL,PAY_AMT1,PAY_AMT2,PAY_AMT3,PAY_AMT4,PAY_AMT5,PAY_AMT6,SEX,type,seed,k
0,0.042706192550690324,-0.3283143250269727,-0.3414298459873335,-0.344201824621392,-0.34130372454762037,-0.34937485613903474,-0.3468895788066234,-0.19524479126659933,-0.1059047552904904,-0.14123314704217832,-0.09214341824972225,-0.07196189397440039,-0.07286552463996687,-0.05942781827251154,-1.285503751024945,fair,6,4
1,-0.04060605768063665,-0.39589871635083335,-0.3987981026625034,-0.3934567655478719,-0.38610473280732804,-0.38282483137562023,-0.37625385131134004,-0.13260348806209019,-0.16787642899710473,-0.14422540912702533,-0.1344375913568483,-0.0871180564019202,-0.11574181013223475,-0.06306039888320528,0.7779051591274546,fair,6,4
2,0.03116380490102098,1.2274049918389938,1.210772348682858,1.2149247259347689,1.1967853888309496,1.1692533802295142,1.137385116720191,0.45514669438087935,0.4147994999011337,0.3884314664903523,0.27830452027478075,0.023171796571470605,0.07589476233060977,0.2006538569849891,0.04485199367857582,fair,6,4
3,0.0645864074938615,3.1634848115452483,3.3873648482272354,3.3194457959625527,3.2686819546799155,3.40900852732054,3.43064724373256,1.6103661126979418,1.4998040510533253,1.5871904387839886,1.4918763684354976,1.7362272834593613,1.9197728101396276,0.5437756961532939,0.09010218907665475,fair,6,4
