cluster_id,AGE,BILL_AMT1,BILL_AMT2,BILL_AMT3,BILL_AMT4,BILL_AMT5,BILL_AMT6,LIMIT_BAL,PAY_AMT1,PAY_AMT2,PAY_AMT3,PAY_AMT4,PAY_AMT5,PAY_AMT6,SEX,type,seed,k
0,0.0486286567458344,-0.3276285364947988,-0.34063730360891803,-0.3444369235523663,-0.34138495615512876,-0.34938767511452495,-0.34644751384083416,-0.19978881398511944,-0.10413372932717249,-0.14035192083115242,-0.09176138489309721,-0.08235996109854554,-0.0724819197388386,-0.05755029013701769,-1.285503751024945,fair,9,4
1,-0.04060605768063665,-0.39589871635083335,-0.3987981026625034,-0.3934567655478719,-0.38610473280732804,-0.38282483137562023,-0.37625385131134004,-0.13260348806209019,-0.16787642899710473,-0.14422540912702533,-0.1344375913568483,-0.0871180564019202,-0.11574181013223475,-0.06306039888320528,0.7779051591274546,fair,9,4
2,0.019129446239845565,1.2044236464568487,1.186352235349087,1.1872548253197666,1.1513642170869542,1.1887584787027294,1.177952653657922,0.4694414756545879,0.40245794180396527,0.3753746331524763,0.31639078203309157,0.1462017341414663,0.1822089235915022,0.1970134348866605,0.054372164658431386,fair,9,4
3,0.06688788026788758,3.3751908878616237,3.6187590180155387,3.570719990147816,3.597032443215455,3.452529463517139,3.377754342592963,1.6551376887550817,1.6033281679555738,1.7087848189896095,1.387260104071709,1.3748537382712904,1.5431867553510898,0.5632744441339007,0.04964319083837241,fair,9,4
