cluster_id,age,capital-gain,education-num,final-weight,hours-per-week,income,marital-status,native-country,occupation,relationship,type,seed,k
0,-0.7080105559488297,-0.14074113464643775,-0.21287294038606205,-0.025084637267490616,-0.4116201827876736,-0.5483983205837011,1.0290440797478746,0.17076084069574377,0.0212641637415977,0.4287840357714923,fair,9,6
1,-0.18522545599802526,-0.09433665848258645,-0.22794356145414463,0.1261415826568894,-0.22265145713888673,-0.44515176602975665,-0.8647585346674611,0.1369384097661374,-0.1930470747464422,1.197232448900811,fair,9,6
2,-0.003965144417954983,0.09608488823558461,0.11962111876209958,0.15924025701502556,0.19040669123768067,0.16193548011609718,0.4005254949760021,-4.0810564241568095,0.1345680710522064,-0.10768456317248877,fair,9,6
3,0.23845990047773877,0.031179598846172416,0.6742280559444682,-0.020053908903737875,0.35585841261882795,1.358983598282551,-0.34951401576829716,0.22587716679417524,0.11067010490500981,-0.36466049268059947,fair,9,6
4,0.44283561904481744,11.335289403422781,1.3906837738493447,0.09993035407887621,0.6570112534250488,1.7092596723292164,-0.22166001572266927,0.2798649486618716,0.09632298386725129,-0.39361585403386723,fair,9,6
5,0.5849486326119875,-0.13604146681187593,-0.362476596590748,-0.016330504131602055,0.14018111295085986,-0.5693878052702612,-0.5982215056688345,0.1695203452540787,-0.08969992678955623,-0.4418282175063907,fair,9,6
