cluster_id,age,capital-gain,education-num,final-weight,hours-per-week,income,marital-status,native-country,occupation,relationship,type,seed,k
0,-0.6586513792312084,-0.13769946028399244,-0.21173783479827876,-0.03300575699220363,-0.41785824030136404,-0.5574063441823991,0.9897679462985888,0.18674299410298703,0.011407041580517892,0.4786358363206877,fair,0,4
1,-0.003965144417954983,0.09608488823558461,0.11962111876209958,0.15924025701502556,0.19040669123768067,0.16193548011609718,0.4005254949760021,-4.0810564241568095,0.1345680710522064,-0.10768456317248877,fair,0,4
2,0.2471440521106216,0.32015086021554273,0.6894321648657061,-0.010054268146954589,0.3500062037517377,1.3826975441714766,-0.3330206002821769,0.20980468324545018,0.08346162764499057,-0.3465157159419841,fair,0,4
3,0.43055637845134687,-0.13144377515357072,-0.35256740776907497,0.019559685874732023,0.09868874139275315,-0.5719756309954993,-0.7252931908198951,0.15954492588973815,-0.0924274952555675,-0.16903520021067706,fair,0,4
