cluster_id,age,capital-gain,education-num,final-weight,hours-per-week,income,marital-status,native-country,occupation,relationship,type,seed,k
0,-0.9371365205347437,-0.1445768587023225,-0.1953189397489013,0.010283063176825974,-0.36474858027330576,-0.5683018368734822,1.0085516593568191,0.20095496550863903,0.019154846533687,0.4755089914318948,fair,1,7
1,-0.20630178509857422,-0.09195935068978921,-0.3081089149907299,0.15747289736685854,-0.2129146637099254,-0.4688811045748909,-0.847197608626695,0.14685779854152883,-0.18024501550460315,1.2543330589753467,fair,1,7
2,0.00452916667449317,0.1295754721160935,0.14229181494893187,0.14044280677578386,0.2036640449335484,0.19710193903003168,0.37884716810999847,-4.0324617135221965,0.1497170990930003,-0.12607376127914416,fair,1,7
3,0.28993801938075087,-0.13657314998425618,-0.3301493002302339,0.03467219828925258,0.3414627929580241,-0.5494779415910842,-0.6912986656715288,0.1349708297733199,-0.03389243202438161,-0.44127106917743025,fair,1,7
4,0.22537469576456007,0.026692133253944754,0.6868418123114355,-0.020878642559172222,0.33619173061927243,1.3726430127530966,-0.3800206119793448,0.23383388787252518,0.09541590237306868,-0.35826494688309296,fair,1,7
5,0.44283561904481744,11.335289403422781,1.3906837738493447,0.09993035407887621,0.6570112534250488,1.7092596723292164,-0.22166001572266927,0.2798649486618716,0.09632298386725129,-0.39361585403386723,fair,1,7
6,1.7290893642919085,-0.12464415727811948,-0.3905207902340927,-0.32499712550532217,-0.9110124827423224,-0.5269648586256671,0.6613695617324543,0.16987826683158816,-0.18024501550460315,-0.18279318666296307,fair,1,7
