cluster_id,age,capital-gain,education-num,final-weight,hours-per-week,income,marital-status,native-country,occupation,relationship,type,seed,k
0,-0.968220218239733,-0.14797656166775117,-0.17436537515728173,-0.26207228658750276,-0.37789721706149715,-0.5850486126764433,0.9810294068487545,0.2212563201581275,-0.022669615778703682,0.4915851442163275,fair,8,8
1,-0.4787971344858063,-0.11920679366383227,-0.3791341973482108,2.0539048872421244,-0.25991149879655084,-0.3449465828502695,0.1755617256118131,-0.20181009521088142,0.21652182930568165,0.09104782338364656,fair,8,8
2,-0.18765135474941824,-0.08514907973650004,-0.2262191059253794,-0.08252232196376472,-0.23939066988359853,-0.44386041052224884,-0.8866825835152162,0.17727629766668415,-0.16029734838696402,1.2806031086267995,fair,8,8
3,-0.04069292761768315,0.1432190230276335,0.2326468770473017,-0.04060878914286071,0.30101830211106784,0.23434720339700668,0.31268249931950926,-4.083853607919137,0.14107233758025997,-0.16108544255321902,fair,8,8
4,0.26179599741359655,0.026582725625414732,0.6630137683582847,-0.15576906148834946,0.3564944278099031,1.3827968333560792,-0.37591072403115156,0.24392390133154182,0.08703705078451232,-0.3594945436535547,fair,8,8
5,0.44283561904481744,11.335289403422781,1.3906837738493447,0.09993035407887621,0.6570112534250488,1.7092596723292164,-0.22166001572266927,0.2798649486618716,0.09632298386725129,-0.39361585403386723,fair,8,8
6,0.43203429272181343,-0.13727914065928107,-0.3238594107170306,-0.16187518308512716,0.2504476379166279,-0.5761213430849815,-0.6948467323841987,0.1941627210588881,-0.11758589176088566,-0.4441708608100587,fair,8,8
7,1.6673697472771642,-0.11589584816444304,-0.2784472131334478,-0.48670542200994704,-0.7897108654741696,-0.5072754504728616,1.3223431370350929,0.21479202417339882,-0.02313503663781433,0.16948215512371936,fair,8,8
