cluster_id,age,capital-gain,education-num,final-weight,hours-per-week,income,marital-status,native-country,occupation,relationship,type,seed,k
0,-1.179528911491383,-0.1563537316201961,-0.5304779867434515,-0.03445246811817201,-0.8691526550857674,-0.5850486126764433,0.961025154013455,0.17519634463800474,-0.14030129655765086,0.791410982171918,fair,6,9
1,-0.44022296881892414,-0.14082277542475438,0.2948665528365731,-0.32045550285807894,0.2216322172592278,-0.5344388710954361,1.1082350470699334,0.24569159009729824,0.2431568007380611,0.1603536556700299,fair,6,9
2,-0.3878862255117587,-0.11311790752456304,-0.3705704041457673,2.100232115431319,-0.12500604946140131,-0.32032073363732866,0.02212489830187902,-0.2227158163145519,0.255957697593465,0.03790692881002796,fair,6,9
3,-0.12795329209280826,-0.10184986707467655,-0.21353656363967252,-0.12109036674149967,-0.29533665856467317,-0.39061570716748906,-0.8812341780657909,0.22164180569850123,-0.20630400141224825,1.2868104882553086,fair,6,9
4,-0.04069292761768315,0.1432190230276335,0.2326468770473017,-0.04060878914286071,0.30101830211106784,0.23434720339700668,0.31268249931950926,-4.083853607919137,0.14107233758025997,-0.16108544255321902,fair,6,9
5,0.15216923484133926,-0.13460826403328155,-0.0942717860697939,-0.23722452513644549,0.5195899881809807,-0.5729733059132556,-0.7773374406213414,0.24370531250567315,0.07901204966774528,-0.38351913879852323,fair,6,9
6,0.2774936788502507,0.03413506400614156,0.677422203115628,-0.1604394673100382,0.33125476744900906,1.3976869422667197,-0.39727194488936224,0.24493951940425074,0.04121498346141649,-0.3641907093711926,fair,6,9
7,0.44283561904481744,11.335289403422781,1.3906837738493447,0.09993035407887621,0.6570112534250488,1.7092596723292164,-0.22166001572266927,0.2798649486618716,0.09632298386725129,-0.39361585403386723,fair,6,9
8,1.5461825219455867,-0.11664217057540817,-0.85915258025559,-0.21922098972696147,-0.74163473098268,-0.476826523761082,-0.01306827270034842,0.09685946489687165,-0.49987772161573496,-0.3755179682346658,fair,6,9
