cluster_id,age,capital-gain,education-num,final-weight,hours-per-week,income,marital-status,native-country,occupation,relationship,type,seed,k
0,-0.8736120032417842,-0.14966381853238298,-0.16318328156374814,-0.2720575774652449,-0.377978611064587,-0.5754489964211894,1.0527133465118153,0.2164543142506203,-0.03146544253077566,0.523614461545133,fair,6,8
1,-0.5283139715011952,-0.11876288421250976,-0.35618726158599273,2.027712000519589,-0.2220887945256191,-0.3421218530876087,0.22055447948465087,-0.1694404265523452,0.23728344806322868,0.07418062082720146,fair,6,8
2,-0.1382013960204586,-0.0890423320779448,-0.2380028853719417,-0.07075299686592466,-0.2821277808105733,-0.4085633599837002,-0.8628710337732837,0.20214627366551746,-0.2253560241697228,1.2806031086267995,fair,6,8
3,-0.050704573258352585,0.10842752166299102,0.21107407524399882,-0.025310282694842427,0.28948874231241434,0.1983737285450016,0.3338045331353061,-4.136072253082193,0.1249734847200922,-0.14265315383828958,fair,6,8
4,0.1028949711668432,-0.13593484817147752,-0.027994934839148607,-0.2315100997723709,0.5423723935959727,-0.5850486126764433,-0.6797460707827275,0.22484628269910606,0.11725770627259446,-0.4151997412381353,fair,6,8
5,0.28270766177885903,0.03569142620125157,0.6836065051436941,-0.14200628701643156,0.32828386061170584,1.388056512428424,-0.36759079914108495,0.23460159234399494,0.07095010031197535,-0.36501461342174746,fair,6,8
6,0.44283561904481744,11.335289403422781,1.3906837738493447,0.09993035407887621,0.6570112534250488,1.7092596723292164,-0.22166001572266927,0.2798649486618716,0.09632298386725129,-0.39361585403386723,fair,6,8
7,1.5333368075998135,-0.12256145999502012,-0.8908879628166084,-0.1813512902128227,-0.725635716543209,-0.5023708366402032,0.025342675294032103,0.11784601718298558,-0.4074096059021575,-0.2789217997224664,fair,6,8
