cluster_id,age,capital-gain,education-num,final-weight,hours-per-week,income,marital-status,native-country,occupation,relationship,type,seed,k
0,-1.124823665582377,-0.15386786731814042,-0.5314122213043042,0.19945807657202197,-0.7208766706262956,-0.558677253078677,0.9321640120021776,0.14631389220261937,-0.14536210321205867,0.6652995758338258,fair,1,8
1,-0.330712977774127,-0.12523270148702192,0.4194680647569885,-0.34429100225847753,0.1929401269059464,-0.49612193496304563,1.162402793889389,0.24540364470999987,0.4059260706026022,0.11470644083080554,fair,1,8
2,-0.20761916187004734,-0.1080714487768279,-0.25737348172245506,0.2033168833681944,-0.2615512910612845,-0.4279042095938638,-0.8925539245474735,0.21066338873361107,-0.24803248802703146,1.2237446449976275,fair,1,8
3,0.00452916667449317,0.1295754721160935,0.14229181494893187,0.14044280677578386,0.2036640449335484,0.19710193903003168,0.37884716810999847,-4.0324617135221965,0.1497170990930003,-0.12607376127914416,fair,1,8
4,0.04251572587992129,-0.1406418048168383,-0.08157321321882743,-0.05052691843932096,0.48409205428679875,-0.5850486126764433,-0.669402192120081,0.1990375266656633,0.15035782847570928,-0.4101836458518634,fair,1,8
5,0.2610916129208322,0.03637787499558278,0.6893758055485393,0.008573244096606345,0.34182288814877565,1.3947174074494082,-0.40977948848223494,0.21142237358443716,0.0802186297588399,-0.36548717522572427,fair,1,8
6,0.44283561904481744,11.335289403422781,1.3906837738493447,0.09993035407887621,0.6570112534250488,1.7092596723292164,-0.22166001572266927,0.2798649486618716,0.09632298386725129,-0.39361585403386723,fair,1,8
7,1.4158759433069374,-0.12099564373370984,-0.9080285847034728,-0.03227260274277872,-0.6041142024298044,-0.4565673487161263,-0.21281572581852287,0.08587913587097165,-0.5295414771628885,-0.31130008836971773,fair,1,8
