cluster_id,age,capital-gain,education-num,final-weight,hours-per-week,income,marital-status,native-country,occupation,relationship,type,seed,k
0,-0.9438361276764086,-0.14921113453720922,-0.21391160294785877,-0.19836915946373246,-0.4420148546314907,-0.574851686965307,1.0494609832788167,0.23226657793077118,-0.06238805730155292,0.5806865700700485,fair,5,9
1,-0.4378356787733341,-0.10946614173275601,-0.4573121139607397,2.254139670206396,-0.29635602648274834,-0.29826007705073576,0.05933044477364873,-0.25056500818824545,0.12895272094965346,0.1683326403776992,fair,5,9
2,-0.18691503091254502,-0.10956686485759179,-0.24968508051293015,-0.12738304011599158,-0.36025520722626503,-0.3872634156931967,-0.8468598192916393,0.22063795840602934,-0.21557229610660683,1.3142799268412382,fair,5,9
3,-0.04069292761768315,0.1432190230276335,0.2326468770473017,-0.04060878914286071,0.30101830211106784,0.23434720339700668,0.31268249931950926,-4.083853607919137,0.14107233758025997,-0.16108544255321902,fair,5,9
4,0.08603243261112373,-0.13095405374244365,0.22774856258825746,-0.13819575280681554,0.719711542912676,-0.47128125970095597,-0.28470299127908477,0.19970552188877244,1.1389644339118776,-0.32155064386424487,fair,5,9
5,0.27466271781620366,0.03453850452824979,0.7015654864576782,-0.15269299358379326,0.32696965433451464,1.416369252966792,-0.41501124713778487,0.24547030100391062,0.029341770384056345,-0.35836523314451363,fair,5,9
6,0.3693809465481333,-0.12264873796822286,-0.48669922507286933,-0.17621726508631372,0.1074646668662686,-0.5216699307702095,-0.690138631501695,0.16375925960654475,-0.7460650572302564,-0.4446826156711919,fair,5,9
7,0.44283561904481744,11.335289403422781,1.3906837738493447,0.09993035407887621,0.6570112534250488,1.7092596723292164,-0.22166001572266927,0.2798649486618716,0.09632298386725129,-0.39361585403386723,fair,5,9
8,1.890237434923092,-0.12923670581023566,-0.47967022656415115,-0.4198450478119731,-0.9988159221781862,-0.5072754504728616,0.9157306562724298,0.18739289807298923,0.016684303530540876,-0.09950429544499652,fair,5,9
