cluster_id,age,capital-gain,education-num,final-weight,hours-per-week,income,marital-status,native-country,occupation,relationship,type,seed,k
0,-0.6586513792312084,-0.13769946028399244,-0.21173783479827876,-0.03300575699220363,-0.41785824030136404,-0.5574063441823991,0.9897679462985888,0.18674299410298703,0.011407041580517892,0.4786358363206877,fair,8,5
1,-0.003965144417954983,0.09608488823558461,0.11962111876209958,0.15924025701502556,0.19040669123768067,0.16193548011609718,0.4005254949760021,-4.0810564241568095,0.1345680710522064,-0.10768456317248877,fair,8,5
2,0.25111049179980577,0.029964430041065974,0.6658217593536947,-0.018078562660084375,0.3439526704851533,1.3680985890569994,-0.3404332398071633,0.20850244782878805,0.07972912500898877,-0.34726104616899817,fair,8,5
3,0.44283561904481744,11.335289403422781,1.3906837738493447,0.09993035407887621,0.6570112534250488,1.7092596723292164,-0.22166001572266927,0.2798649486618716,0.09632298386725129,-0.39361585403386723,fair,8,5
4,0.42462517904662345,-0.1312976701571657,-0.35440569236914354,0.02370831274147835,0.09575673616719457,-0.5784746634357394,-0.7240612975269743,0.158855412865256,-0.09081650537096134,-0.16649893708983868,fair,8,5
