cluster_id,age,capital-gain,education-num,final-weight,hours-per-week,income,marital-status,native-country,occupation,relationship,type,seed,k
0,-1.2018571641352565,-0.15675193600477247,-0.562477669418353,-0.12437837631461286,-1.6785359451955284,-0.5850486126764433,0.8949315846758141,0.16728389659572432,-0.004363061987018306,0.7661295732258655,fair,1,9
1,-0.8403823279890565,-0.1413854028036972,-0.008302561961948212,-0.11534421053567268,0.12318699485091336,-0.5742264037849072,0.910471669530977,0.22458204210786123,0.00656042411981283,0.26654566205063807,fair,1,9
2,-0.22610351421560607,-0.10810977158151341,-0.3983464556983784,2.2391779367823403,-0.08765596932354101,-0.22451445360412528,-0.17743856620193726,-0.27438023074069967,0.16344701443676432,0.0162189962007752,fair,1,9
3,-0.19551839363811638,-0.08781176730517208,-0.2380028853719417,-0.14125479813996017,-0.19036868970265686,-0.4085633599837002,-0.9223999081281152,0.19282003266595496,-0.16029734838696402,1.1960872475309485,fair,1,9
4,-0.04069292761768315,0.1432190230276335,0.2326468770473017,-0.04060878914286071,0.30101830211106784,0.23434720339700668,0.31268249931950926,-4.083853607919137,0.14107233758025997,-0.16108544255321902,fair,1,9
5,0.2792130883835379,0.029385893170426756,0.6765573141544416,-0.1782635157045246,0.3562463169490625,1.3921601532633936,-0.3960291459466939,0.24947252372427298,0.07149254979478914,-0.3684486905961751,fair,1,9
6,0.44283561904481744,11.335289403422781,1.3906837738493447,0.09993035407887621,0.6570112534250488,1.7092596723292164,-0.22166001572266927,0.2798649486618716,0.09632298386725129,-0.39361585403386723,fair,1,9
7,0.5372982165384219,-0.13454834637525803,-0.3454282885162486,-0.19741849204069173,0.2338545669493713,-0.5652700929781186,-0.7434540590976861,0.18231461176989605,-0.11430759481639315,-0.42744301518676325,fair,1,9
8,1.7160115045014739,-0.12775264913794931,-0.38056557421204784,-0.4239546971049908,-0.8793025897455333,-0.5031090310690983,1.3399099204781801,0.23656454402104574,0.004027441834170823,0.18407688698836813,fair,1,9
