cluster_id,age,capital-gain,education-num,final-weight,hours-per-week,income,marital-status,native-country,occupation,relationship,type,seed,k
0,-1.1533303783371136,-0.1567753311324568,-0.6732662386793358,0.06682010727541472,-1.587495124859494,-0.5563697591138725,0.9170423094361801,0.09295153529563989,-0.009397364279731788,0.7541397238838946,fair,3,8
1,-0.7216452220699483,-0.1375779093265132,-0.0038069947730269916,-0.03251091296645837,0.07981181293842342,-0.5221908514434115,1.0368339757748755,0.20881801380219078,-0.003443554718942784,0.32348563753573445,fair,3,8
2,-0.2253382172352769,-0.10169310371895551,-0.2564641398382226,0.21205613419202757,-0.2219606324859304,-0.4626855041428081,-0.9041443866593001,0.21250876366503135,-0.20126021832425658,1.2073560290103955,fair,3,8
3,0.0011314422375139077,0.13623860163103163,0.15524649848426458,0.09540831924976989,0.2740100682904494,0.21529148674413576,0.3645312918777319,-4.07165788671539,0.14549523881933643,-0.12187973364078415,fair,3,8
4,0.11796905779277424,-0.14161726166626123,-0.10543536659811605,-0.013109713819617341,0.4913039417557258,-0.5740182843831468,-0.7281869555454772,0.16328693616734039,0.20249512837383682,-0.41793093311898305,fair,3,8
5,0.23595497352602443,0.03330285754403166,0.7019892010803312,-0.00941323829610109,0.34168320186116324,1.388056512428424,-0.3521132918088288,0.23217676968410872,0.10572034814698311,-0.3674561827422943,fair,3,8
6,0.44283561904481744,11.335289403422781,1.3906837738493447,0.09993035407887621,0.6570112534250488,1.7092596723292164,-0.22166001572266927,0.2798649486618716,0.09632298386725129,-0.39361585403386723,fair,3,8
7,1.5299346732288424,-0.11674608679232862,-0.8139600714570936,-0.11738871919125039,-0.6595395056716691,-0.4683888693710707,-0.06145095072171217,0.10177062900920923,-0.498976151649659,-0.2960713170144428,fair,3,8
