cluster_id,age,capital-gain,education-num,final-weight,hours-per-week,income,marital-status,native-country,occupation,relationship,type,seed,k
0,-0.8813140183507291,-0.142781525654529,-0.20046069995103477,0.009048478095104753,-0.3827991341674362,-0.5602005085067069,1.036336454397794,0.17627745837792233,0.013205501970706227,0.48687272120716113,fair,3,7
1,-0.2328868283594325,-0.10242002468352514,-0.2333513934851408,0.18590985305895133,-0.25831143416396196,-0.4341072781365972,-0.8689805761412794,0.21339502925709503,-0.19425341162445656,1.2356268316693584,fair,3,7
2,0.009625753329962046,0.09608488823558461,0.08399573903993453,0.17535864281430943,0.16570569347208988,0.16193548011609715,0.4185225965251373,-4.07165788671539,0.14549523881933643,-0.0934893927041934,fair,3,7
3,0.015954216380828647,-0.1402637611842751,-0.015451410990184914,-0.07195149685373628,0.5061616258540402,-0.5741751136953738,-0.6193386909150344,0.20708196203021484,0.198758708243475,-0.4423811180529131,fair,3,7
4,0.25991804533736074,0.038644626460157316,0.7174418509053747,0.0008866760913932982,0.3490027800659578,1.3906057438562083,-0.3690648474584427,0.20368831086782607,0.10378120948608607,-0.36454955259878613,fair,3,7
5,0.44283561904481744,11.335289403422781,1.3906837738493447,0.09993035407887621,0.6570112534250488,1.7092596723292164,-0.22166001572266927,0.2798649486618716,0.09632298386725129,-0.39361585403386723,fair,3,7
6,1.4137607330641553,-0.12154525219339353,-0.8777565829371698,-0.0740088650991391,-0.6030313288377478,-0.4480749837208815,-0.10285612148786684,0.0974000594540133,-0.47698636678056733,-0.2745307832289457,fair,3,7
