cluster_id,age,capital-gain,education-num,final-weight,hours-per-week,income,marital-status,native-country,occupation,relationship,type,seed,k
0,-1.1160972778674356,-0.14409414689990893,-0.47691747127148315,0.22834498506299997,-0.6909404279900733,-0.549012356891014,0.8971889623345951,0.14973703105017497,-0.16813163918802923,0.5756159461757193,fair,8,7
1,-0.1766754489158357,-0.09027156507066042,-0.23073367077828313,0.12785552652068094,-0.20352610429667584,-0.46586376670212326,-0.8950320879701795,0.19326413938021986,-0.18132641530664362,1.2156002890538002,fair,8,7
2,-0.003965144417954983,0.09608488823558461,0.11962111876209958,0.15924025701502556,0.19040669123768067,0.16193548011609718,0.4005254949760021,-4.0810564241568095,0.1345680710522064,-0.10768456317248877,fair,8,7
3,0.0532298836045292,-0.13685979477740745,0.3136397308764395,-0.41733077805828417,0.06349895058078174,-0.5250666967285829,1.1360540961965377,0.21911231121374117,0.3496832953306094,0.06859533153183296,fair,8,7
4,0.2567836613980392,0.033264124755335855,0.6892792902178907,-0.016632068479935667,0.36170306366318217,1.3776604280119924,-0.3991504039357636,0.2285584796213097,0.09540527251180872,-0.35410385052055393,fair,8,7
5,0.44283561904481744,11.335289403422781,1.3906837738493447,0.09993035407887621,0.6570112534250488,1.7092596723292164,-0.22166001572266927,0.2798649486618716,0.09632298386725129,-0.39361585403386723,fair,8,7
6,0.5493349890346765,-0.13399945342926287,-0.4778869669626738,0.02602127236064917,0.11920601297845455,-0.5514323740683017,-0.6950563022587107,0.139231155811326,-0.1403322521150063,-0.42491802481010826,fair,8,7
