0,1,2,3,4,5,6,7,8,9,cluster_id,type,seed,k
-0.8186520943486303,0.07906013895861744,-0.10838131145975662,1.078450600186852,0.8346873201318947,0.4958129698796118,-0.1504416544070528,-0.4350117146056418,0.22790446309288057,-0.5850486126764438,0,unfair,0,8
-0.7259815872760474,-0.07416957625839662,-0.1517848990879277,1.0924540592017504,-0.9561818154627137,0.4464002574399744,-0.14411747254633472,-0.16150019026276896,0.23540986656395704,-0.5697532241097394,1,unfair,0,8
-0.04167407759246406,0.0841924055604823,-0.07761255401595513,-0.9435657301209441,-0.2229464435851762,1.7490922645778753,-0.11565604559356425,-0.2653681294666616,0.21078168199844566,-0.03598338207679811,2,unfair,0,8
0.04320326541305124,0.1475854697347116,0.02077815345452403,0.34194669385528786,0.17463435286501647,-0.09098436262155306,0.05639485133176787,0.07684916304835844,-3.999233862902098,0.08974794173698615,3,unfair,0,8
0.11229758483155314,0.04321309447417169,-0.1531246720316045,-0.7716916588951405,0.16261627148417132,-0.7022654410549011,-0.130641543061784,0.48736423101669835,0.19783711940829388,-0.5850486126764439,4,unfair,0,8
0.34179980332429505,-0.0305036683753021,0.6979575069880922,-0.48786874169324485,0.13606308156760977,-0.7892646138666122,0.08698617802486483,0.483500619948795,0.23060445515671987,1.709259672329216,5,unfair,0,8
0.44283561904481755,0.09993035407887621,1.3906837738493445,-0.22166001572266925,0.09632298386725127,-0.39361585403386723,11.33528940342278,0.657011253425049,0.2798649486618716,1.7092596723292166,6,unfair,0,8
1.653073538218548,-0.24108019077262363,-0.7148207650395391,-0.04272270709496496,-0.47769127754935786,-0.5203689004981896,-0.12207345967799592,-0.7499941816651592,0.16320681382198332,-0.5140906244803918,7,unfair,0,8
