0,1,2,3,4,5,6,7,8,9,cluster_id,type,seed,k
-0.6416297930353496,0.011260661670294336,-0.15556525706139207,1.146212031261852,0.025583156070927395,0.44224104635064504,-0.14817062947465476,-0.3360352919530242,-0.06510291593520534,-0.5723728762951975,0,unfair,0,5
0.013295295721899685,0.06339182475166491,-0.1267640073963938,-0.9062080543036006,-0.21191056450795265,1.734735002248506,-0.1125418759111013,-0.23939066988359853,0.13922523438846912,-0.0527690905551301,1,unfair,0,5
0.3470197899220025,-0.04290393251825504,0.7127836911361474,-0.47053422000213746,0.1323826374987804,-0.7805356433696903,0.12170746879483321,0.4909988332774083,-0.04532444681124554,1.7092596723292157,2,unfair,0,5
0.44283561904481755,0.09993035407887624,1.3906837738493445,-0.22166001572266925,0.09632298386725127,-0.39361585403386723,11.335289403422781,0.6570112534250488,0.2798649486618716,1.7092596723292166,3,unfair,0,5
0.525426010127198,-0.011943314796330146,-0.3121070653967149,-0.6836297976574642,-0.04092374530408986,-0.7091500335301592,-0.12992656101764963,0.14228447248737566,0.04793746630161752,-0.5692801708550994,4,unfair,0,5
