0,1,2,3,4,5,6,7,8,9,cluster_id,type,seed,k
-0.6368075224886243,0.010342921383851914,-0.13718253806347971,1.0197336727986972,-0.004820310151660774,0.5684232836553136,-0.1434078803589608,-0.3772399438528952,0.23416552069398794,-0.5662940490387959,0,unfair,6,4
0.04320326541305124,0.14758546973471162,0.020778153454524047,0.34194669385528786,0.1746343528650165,-0.09098436262155302,0.05639485133176787,0.07684916304835844,-3.999233862902099,0.08974794173698615,1,unfair,6,4
0.3212910638130468,-0.058838106134176865,0.6624533674435568,-0.4973384137987218,0.08332662901230307,-0.46226179997629285,0.4015359774983184,0.39650437799542504,0.23171244194072627,1.7092596723292148,2,unfair,6,4
0.4495723176403268,0.00721684102935875,-0.30660010289948014,-0.7919510434035796,-0.07700016134970464,-0.27475394701259936,-0.1285487032803649,0.11916202665596899,0.18319814713902896,-0.571824933800331,3,unfair,6,4
