0,1,2,3,4,5,6,7,8,9,cluster_id,type,seed,k
-0.6416297930353496,0.011260661670294334,-0.15556525706139207,1.146212031261852,0.025583156070927388,0.44224104635064504,-0.14817062947465476,-0.3360352919530241,-0.06510291593520534,-0.5723728762951975,0,unfair,1,5
0.00924213928062572,0.07353497694765107,-0.1275299530604203,-0.9028129881791057,-0.22765872819608393,1.741350867504181,-0.11526545008633494,-0.25085548782914135,0.13809104314432877,-0.04847651376382919,1,unfair,1,5
0.3470197899220025,-0.04290393251825504,0.7127836911361474,-0.4705342200021375,0.1323826374987804,-0.7805356433696903,0.12170746879483321,0.4909988332774083,-0.04532444681124554,1.7092596723292157,2,unfair,1,5
0.44283561904481755,0.09993035407887622,1.3906837738493447,-0.22166001572266925,0.09632298386725126,-0.39361585403386723,11.335289403422781,0.6570112534250488,0.27986494866187156,1.7092596723292164,3,unfair,1,5
0.5253933412378579,-0.0159926837441188,-0.3111470642996614,-0.6858337923700789,-0.03482174024201996,-0.7035900412559299,-0.1287104381312266,0.14584598715476038,0.04873173850148141,-0.5693341723681862,4,unfair,1,5
