0,1,2,3,4,5,6,7,8,9,cluster_id,type,seed,k
-0.9682973495620802,0.025593106880103664,-0.4941563837072742,1.0793673863354523,-0.3305694788400787,0.8362077170516642,-0.15644296415160633,-0.9121476011472535,0.23674056192608975,-0.5710589280117752,0,unfair,5,7
-0.27210687293628527,-0.08769377212305304,0.23817771029651755,1.197413548815575,0.331257090860547,0.06715649822389254,-0.13575299332416374,0.16966159097048847,0.2268633604676367,-0.5725114089332435,1,unfair,5,7
-0.000904384387948835,0.09144901579163403,-0.1425640105154869,-0.911478081593592,-0.2318081242473518,1.7416763232920438,-0.11423221917046938,-0.26275376236652664,0.21306542635095557,-0.05413429879083596,2,unfair,5,7
0.04320326541305124,0.14758546973471162,0.02077815345452404,0.34194669385528786,0.17463435286501647,-0.09098436262155302,0.05639485133176787,0.07684916304835844,-3.999233862902098,0.08974794173698615,3,unfair,5,7
0.33598479234757433,-0.032710398075173654,0.6941468320426865,-0.49556899409735233,0.126712470343996,-0.786227836104738,0.08698617802486482,0.48350061994879495,0.23060445515671982,1.7092596723292157,4,unfair,5,7
0.44283561904481755,0.09993035407887622,1.3906837738493445,-0.22166001572266925,0.09632298386725127,-0.39361585403386723,11.33528940342278,0.6570112534250488,0.2798649486618716,1.7092596723292166,5,unfair,5,7
0.4976908221802976,-0.003172972756478563,-0.35022935629158264,-0.7404116351004871,-0.04911241570002701,-0.7133451698197586,-0.12961847108448815,0.16349937724450686,0.18142129366648976,-0.5682404933723734,6,unfair,5,7
