0,1,2,3,4,5,6,7,8,9,cluster_id,type,seed,k
-1.0996512242444652,0.2936644805715497,-0.420774857154354,1.0106366600579388,-0.18166187571643896,0.6970552579306649,-0.15651309811817862,-0.6900848960497429,0.224851520078065,-0.5730365274146342,0,unfair,7,8
-0.1716818732987115,-0.39764856033144086,0.3356601613340124,1.2297297886486533,0.3280823056309079,0.13075593536928365,-0.12206216426383382,0.21174403961939164,0.24436641873110448,-0.5540444466628537,1,unfair,7,8
-0.04755942621589314,0.07301748576911236,-0.11504170853824833,-0.9570819479696254,-0.24484219759257808,1.747685935166189,-0.11493807948169153,-0.3040428466439708,0.20958023388256,-0.026434421544630368,2,unfair,7,8
0.04320326541305124,0.14758546973471162,0.02077815345452403,0.3419466938552879,0.1746343528650165,-0.09098436262155306,0.05639485133176787,0.07684916304835844,-3.999233862902098,0.08974794173698615,3,unfair,7,8
0.07406441491149651,-0.06997636228494694,-0.06045850788162498,-0.793346401906464,0.18552256459732608,-0.6948484325428889,-0.12982577043935506,0.4954147335772542,0.2258359232633367,-0.5850486126764439,4,unfair,7,8
0.3338096421989329,-0.0306848730861316,0.7033671334809419,-0.5027662149373725,0.1317401859265421,-0.797184652351098,0.08115396098657544,0.47812032311651587,0.23010937481998464,1.7092596723292157,5,unfair,7,8
0.44283561904481755,0.09993035407887622,1.3906837738493447,-0.22166001572266925,0.09632298386725126,-0.39361585403386723,11.335289403422781,0.6570112534250488,0.27986494866187156,1.7092596723292164,6,unfair,7,8
1.522845635669734,0.05226037581217712,-0.9366539265786611,-0.3181234717850504,-0.5508974481436908,-0.5637392065509591,-0.12665001190230066,-0.596802558065562,0.10553129337593212,-0.5175689572351003,7,unfair,7,8
