0,1,2,3,4,5,6,7,8,9,cluster_id,type,seed,k
-1.159605278403099,0.042431184189095326,-0.47367847430318716,1.0043513251565996,0.05716729936836865,0.9065421678507185,-0.1558959458539254,-1.8135409223605026,0.22287125366454522,-0.5556344038943194,0,unfair,3,8
-0.6090998666439609,-0.01656362228433897,-0.0002478059501263251,1.1127872551088323,0.01432637397547352,0.3303060299433859,-0.14525701726583637,0.12875478912229674,0.22518757495855427,-0.5760513252842651,1,unfair,3,8
-0.04882987970102453,0.12731395754247568,-0.12503230415598593,-0.950352596955601,-0.20602699730672927,1.7317626569887097,-0.11493807948169152,-0.25502086646302924,0.20958023388256003,-0.046384928370766534,2,unfair,3,8
0.04105470437202023,0.10899866372151819,0.029488908065022062,0.3288970308104444,0.17150189810510585,-0.08667571087941162,0.06066153029892817,0.13481044549758947,-4.032278014835842,0.10324387282525474,3,unfair,3,8
0.10872892396388499,-0.020267439106372083,-0.11732382428849292,-0.7890189683300304,0.1642988422358698,-0.6906232895101014,-0.13120208143361356,0.5012476736623033,0.21216685409651947,-0.5850486126764439,4,unfair,3,8
0.3367116687196644,-0.03322762270441738,0.6998628444607949,-0.4801684892891373,0.14073838717941667,-0.7831910583428638,0.08698617802486483,0.47699687465115764,0.23060445515671987,1.709259672329216,5,unfair,3,8
0.44283561904481755,0.09993035407887621,1.3906837738493447,-0.22166001572266927,0.09632298386725124,-0.39361585403386723,11.335289403422781,0.657011253425049,0.2798649486618716,1.7092596723292166,6,unfair,3,8
1.6199369679362554,-0.09489713194549142,-0.7977324090836498,-0.16239415554024492,-0.5600393150521625,-0.5518324226701846,-0.11957950267724601,-0.7011406618972105,0.12987591815344382,-0.5140906244803918,7,unfair,3,8
