0,1,2,3,4,5,6,7,8,9,cluster_id,type,seed,k
-0.8173638314031938,-0.2572837745826011,-0.11641370044580285,1.0987725921576152,-0.0312629543875348,0.5165839448377147,-0.14948026484675392,-0.3844981792581462,0.24505163956238118,-0.5764556977513292,0,unfair,6,8
-0.5232648530547723,2.1361777254935705,-0.30944204826672544,0.3076154582285921,0.2842702694618878,0.05981844835339674,-0.11337162310630568,-0.12704863196894056,-0.0863843072584473,-0.41297549130101874,1,unfair,6,8
-0.03398867307926255,-0.09974544757183781,-0.08401031305891192,-0.9402585704345644,-0.27102852888590195,1.7467208880039173,-0.11460234861115427,-0.3292643002153248,0.22108136902826553,-0.0010428674022752425,2,unfair,6,8
0.00602000494786167,-0.007310075217639732,0.09326560825335498,0.2837279787999824,0.16824158804887238,-0.11956215478881756,0.06510235942801337,0.15511955157255097,-4.041927819298654,0.11729065824365673,3,unfair,6,8
0.14264135609326722,-0.2591919337404823,-0.03976534572404501,-0.6943919175002861,0.10366467471079176,-0.6624791423083669,-0.13053184665255538,0.6141534954543596,0.26092102163151043,-0.5850486126764439,4,unfair,6,8
0.3608395140095528,-0.1427584826819968,0.6833564004370734,-0.4861990441056194,0.12509042553989977,-0.7828966768251312,0.08176215298427846,0.4906866778111397,0.2468741641736234,1.7092596723292157,5,unfair,6,8
0.44283561904481755,0.09993035407887622,1.3906837738493447,-0.22166001572266925,0.09632298386725126,-0.39361585403386723,11.335289403422781,0.6570112534250488,0.27986494866187156,1.7092596723292164,6,unfair,6,8
1.6396926320829759,-0.13962884749568563,-0.7629166970824434,0.01731448421259974,-0.3830375172705844,-0.46055642703587196,-0.1203342419570238,-0.7802830235972208,0.14923477169830263,-0.5386989503530966,7,unfair,6,8
