0,1,2,3,4,5,6,7,8,9,cluster_id,type,seed,k
-0.7348661775267972,-0.07041093855241974,-0.15081884149365996,1.0990075983424354,-0.9767544237507753,0.44007637293855817,-0.14394420735066024,-0.19511631390936962,0.23480912221128247,-0.5695465296696487,0,unfair,9,8
-0.7132770524247335,0.02919514803659966,-0.11087896036419102,1.1079876444591232,0.8304920682213,0.48974695914533395,-0.15075946410038293,-0.4309493859167346,0.2304460085826682,-0.5850486126764439,1,unfair,9,8
-0.04755942621589315,0.11248404967634865,-0.10505111292051075,-0.9570819479696254,-0.2366705764797678,1.747685935166189,-0.11493807948169152,-0.31114748145280285,0.20958023388256003,-0.026434421544630375,2,unfair,9,8
0.04320326541305124,0.1475854697347116,0.02077815345452403,0.3419466938552879,0.17463435286501647,-0.09098436262155306,0.05639485133176787,0.07684916304835844,-3.999233862902098,0.08974794173698615,3,unfair,9,8
0.07111217810227684,-0.03923437734276931,-0.08564229955896843,-0.7467897287813617,0.20889557680153878,-0.6942704095029868,-0.13053184665255535,0.5426631076904862,0.21040388288388007,-0.5850486126764439,4,unfair,9,8
0.3367116687196644,-0.03322762270441738,0.6998628444607949,-0.4801684892891373,0.14073838717941664,-0.783191058342864,0.08698617802486486,0.4769968746511576,0.23060445515671982,1.7092596723292157,5,unfair,9,8
0.44283561904481755,0.09993035407887624,1.3906837738493445,-0.22166001572266925,0.09632298386725126,-0.39361585403386723,11.33528940342278,0.6570112534250488,0.2798649486618716,1.7092596723292166,6,unfair,9,8
1.5572226123262303,-0.01864091046450241,-0.7864685022597301,-0.3181234717850504,-0.5785367548487843,-0.5697234450817111,-0.12141085534141272,-0.6336491444760738,0.1372283216097393,-0.5175689572351003,7,unfair,9,8
