0,1,2,3,4,5,6,7,8,9,cluster_id,type,seed,k
-1.0355355192625888,0.04895991070133809,-0.5272578464742751,1.0621439406760822,-0.3118750270336,0.8380686692776909,-0.1564305608297403,-0.8746338297283011,0.22555902450816914,-0.5707091858951584,0,unfair,4,8
-0.3867274405261353,-0.09064719623441626,0.29709387904469287,1.1605725801725275,0.35647600630050524,0.10051127036251013,-0.12777646398196935,0.2147319676117914,0.23990788976544095,-0.55912422527525,1,unfair,4,8
-0.05790764990247605,0.11811593944450925,-0.11689181883782938,-0.943565730120944,-0.22897039504654276,1.7386582076524615,-0.11565604559356427,-0.3030773449904629,0.21078168199844566,-0.03598338207679811,2,unfair,4,8
0.04320326541305124,0.14758546973471162,0.02077815345452404,0.34194669385528786,0.17463435286501647,-0.09098436262155302,0.05639485133176787,0.07684916304835844,-3.999233862902098,0.08974794173698615,3,unfair,4,8
0.07208177402905931,-0.0746555524246251,-0.05855366342362097,-0.7946368616633367,0.19105447862261246,-0.6936550946540587,-0.12967999986630727,0.49831106412960424,0.2255454446321618,-0.5850486126764439,4,unfair,4,8
0.3338096421989329,-0.030684873086131596,0.7033671334809419,-0.5027662149373725,0.1317401859265421,-0.7971846523510979,0.08115396098657543,0.47812032311651576,0.2301093748199846,1.7092596723292157,5,unfair,4,8
0.44283561904481755,0.09993035407887622,1.3906837738493445,-0.22166001572266925,0.09632298386725127,-0.39361585403386723,11.33528940342278,0.6570112534250488,0.2798649486618716,1.7092596723292166,6,unfair,4,8
1.5123601015277446,0.05977916666376618,-0.9167142598062205,-0.32040694183692514,-0.560580150249925,-0.5849454887230414,-0.1269440806899118,-0.5723911113068882,0.10722385313598978,-0.5182240995209385,7,unfair,4,8
