0,1,2,3,4,5,6,7,8,9,cluster_id,type,seed,k
-0.6517230560893394,0.012146699501987683,-0.14467405366707517,1.0242762789695805,-0.00011002423743484044,0.5679742669961277,-0.14325877604306786,-0.36718993685668727,0.23366194573015459,-0.5787282041778061,0,unfair,9,5
0.04320326541305124,0.14758546973471162,0.02077815345452404,0.34194669385528786,0.17463435286501647,-0.09098436262155302,0.05639485133176787,0.07684916304835844,-3.999233862902098,0.08974794173698615,1,unfair,9,5
0.3138845903039829,-0.06331428587159371,0.6375831613313164,-0.49948607901596365,0.07997974164163076,-0.44707257362969033,0.06391326388736068,0.37196315541640607,0.23066564831635356,1.709259672329215,2,unfair,9,5
0.44283561904481755,0.09993035407887622,1.3906837738493445,-0.22166001572266925,0.09632298386725127,-0.39361585403386723,11.33528940342278,0.6570112534250488,0.2798649486618716,1.7092596723292166,3,unfair,9,5
0.4558131739860592,0.005520522625279289,-0.30063586781713675,-0.7817139036356653,-0.08004588728530883,-0.27493539688489754,-0.12871139894653041,0.1123783244806944,0.1837521116176699,-0.5719007141950365,4,unfair,9,5
