0,1,2,3,4,5,6,7,8,9,cluster_id,type,seed,k
-0.6782258096297284,-0.012696356469560929,-0.13124536113219096,1.1399646165350938,0.00936229948764327,0.4515627796351603,-0.14746391716452636,-0.3479219195379223,0.2298002022015335,-0.5781999312286663,0,unfair,9,6
0.000936490835392172,0.07824071790556272,-0.12282127069960139,-0.9021991261749179,-0.22334145679575762,1.7398983209755639,-0.1145822755463364,-0.26095498356975044,0.21361296341907787,-0.05848605546202946,1,unfair,9,6
0.04320326541305124,0.1475854697347116,0.02077815345452404,0.3419466938552879,0.17463435286501647,-0.09098436262155304,0.05639485133176787,0.07684916304835844,-3.999233862902098,0.08974794173698615,2,unfair,9,6
0.34410817556536333,-0.033603596932581706,0.688657196354008,-0.4805306298724988,0.1323772280097868,-0.7838525346870345,0.08577862715827518,0.4808926824779602,0.23084831898595332,1.7092596723292157,3,unfair,9,6
0.44283561904481755,0.09993035407887621,1.3906837738493445,-0.22166001572266925,0.09632298386725126,-0.39361585403386723,11.335289403422781,0.6570112534250488,0.2798649486618716,1.7092596723292166,4,unfair,9,6
0.5380859611676971,-0.023782802197232413,-0.3213845756254435,-0.6736407321138966,-0.043143199789546186,-0.698966080770602,-0.12781270692961816,0.1509952052675753,0.18489986804795205,-0.568834419849549,5,unfair,9,6
