0,1,2,3,4,5,6,7,8,9,cluster_id,type,seed,k
-0.8851027416019076,0.03356014077361339,-0.15059679855296906,1.063389037181771,0.002504413087750318,0.48930902520205916,-0.1468391097973831,-0.3307473634221191,0.22784730084252958,-0.5774766381384718,0,unfair,1,7
-0.05194729497546453,0.09020513153616734,-0.08971540872297519,-0.9305038389226381,-0.2156063346616623,1.7401926277885515,-0.1163498783907522,-0.2582030264236237,0.2119427453037133,-0.0452113691456997,1,unfair,1,7
0.04320326541305124,0.1475854697347116,0.02077815345452403,0.3419466938552879,0.17463435286501647,-0.09098436262155306,0.05639485133176787,0.07684916304835844,-3.999233862902098,0.08974794173698615,2,unfair,1,7
0.31110898108345497,0.015433676129947182,-0.33478131496318625,-0.7273651462860604,0.0029154473518445295,-0.7206992942792366,-0.13226932801620767,0.38916692874164815,0.19790139824402994,-0.5666204336804146,3,unfair,1,7
0.33598479234757433,-0.03271039807517365,0.6941468320426865,-0.49556899409735233,0.126712470343996,-0.7862278361047381,0.08698617802486483,0.48350061994879495,0.23060445515671982,1.7092596723292157,4,unfair,1,7
0.44283561904481755,0.09993035407887624,1.3906837738493445,-0.22166001572266925,0.09632298386725126,-0.39361585403386723,11.33528940342278,0.6570112534250488,0.2798649486618716,1.7092596723292166,5,unfair,1,7
1.7723651912348013,-0.37711000122111776,-0.15214963511841648,0.762267236113618,-0.15539213076842268,-0.14945892197918664,-0.1204919507390745,-1.023742352778665,0.1730572838811678,-0.5522727800335052,6,unfair,1,7
