0,1,2,3,4,5,6,7,8,9,cluster_id,type,seed,k
-0.628893140028636,0.03658238095170429,-0.16075703038805017,1.0342177826842376,0.01660241285667276,0.5534673611066268,-0.1441731419699642,-0.3545734202316211,-0.04115913098887862,-0.573252683190554,0,unfair,3,4
0.3179901336360571,-0.07293495346496423,0.6572504404094035,-0.48988848002874846,0.07706608985140743,-0.45151020853161083,0.0958316995982962,0.38831837415460685,-0.03234753179479368,1.7092596723292148,1,unfair,3,4
0.44283561904481755,0.09993035407887622,1.3906837738493447,-0.22166001572266925,0.09632298386725126,-0.39361585403386723,11.335289403422781,0.6570112534250488,0.27986494866187156,1.7092596723292164,2,unfair,3,4
0.45541663758507683,0.00796130549079456,-0.2988039140441347,-0.7811841895197094,-0.072046459477944,-0.28437500447368785,-0.12957391194341067,0.10716749556222517,0.0609573474221408,-0.572302455537524,3,unfair,3,4
