0,1,2,3,4,5,6,7,8,9,cluster_id,type,seed,k
-1.0222822108410328,-0.18726852225194204,-0.24295868046629035,1.0269760063755697,-0.19130662376005467,0.6063192448683123,-0.15044914514411492,-0.5308500131089168,0.24587210763542897,-0.5743275459240811,0,unfair,0,9
-0.5288437536756959,2.201548376810027,-0.3203279198616233,0.3477668685168937,0.2862012347248464,0.06985229487619182,-0.10919392012768116,-0.18992100038593593,-0.12150409892203949,-0.3964753289773479,1,unfair,0,9
-0.009644922581263551,-0.25327877851766106,0.34547007453806367,-0.16638320382175428,0.9115793999260757,-0.4749581155126387,-0.13953591547718452,0.7743399799775159,0.24970546284239087,-0.5850486126764435,2,unfair,0,9
-0.0008820240955107842,-0.08766311176271362,-0.12752995306042034,-0.9402585704345643,-0.3169870191765097,1.7677866165692413,-0.11069411990971538,-0.34363802897208234,0.2199927842202358,0.009772053806505643,3,unfair,0,9
0.00602000494786167,-0.007310075217639732,0.09326560825335499,0.2837279787999824,0.16824158804887238,-0.11956215478881756,0.06510235942801337,0.15511955157255095,-4.041927819298654,0.11729065824365673,4,unfair,0,9
0.3425323289946139,-0.1399049864490175,0.710347136668103,-0.5092140009481545,0.13162396367453405,-0.7903030974535743,0.08547253510879442,0.49221370100330464,0.24636135405204443,1.7092596723292157,5,unfair,0,9
0.44283561904481755,0.09993035407887621,1.3906837738493445,-0.22166001572266925,0.09632298386725127,-0.39361585403386723,11.33528940342278,0.657011253425049,0.2798649486618716,1.7092596723292166,6,unfair,0,9
0.6485889438261531,-0.1486617181269233,-0.5507262629922484,-0.7593823752794991,-0.6112596224024973,-0.7145490994649988,-0.12303872398675432,-0.07859470727826125,0.19975492981947574,-0.544321246670426,7,unfair,0,9
1.5027653733617337,-0.4801211584576265,-0.29191923472649545,1.7537037906987087,0.02096676086940166,0.3730763989141191,-0.1399933113927287,-0.6244752814936371,0.2608018774363508,-0.4984709415441542,8,unfair,0,9
