0,1,2,3,4,5,6,7,8,9,cluster_id,type,seed,k
-0.6290982461492735,-0.23768168191963407,-0.12685092321642513,1.142618746087148,-0.9917051853995722,0.4511621834197643,-0.1470890991342167,-0.25016855205103944,0.248336521642074,-0.5687769227118644,0,unfair,9,9
-0.6207696610781394,-0.2605617640041715,-0.11368030661968871,1.1647797695656896,0.829199191846337,0.4997615995085285,-0.1490715399087019,-0.5381472660806581,0.24300967762586465,-0.5706190008210622,1,unfair,9,9
-0.5319396682579349,2.352456025118143,-0.34295217106788695,0.3172889003112523,0.13303143808495374,0.15137729787390192,-0.11082966039523548,-0.20798596383018278,-0.17794662123852706,-0.3699572109571626,2,unfair,9,9
0.00602000494786167,-0.007310075217639732,0.09326560825335498,0.2837279787999824,0.16824158804887238,-0.11956215478881754,0.06510235942801337,0.15511955157255097,-4.041927819298655,0.11729065824365673,3,unfair,9,9
0.016135412298006486,-0.10418431599392174,-0.14274149078057372,-0.9366423304036633,-0.32524102120483067,1.7700578929794073,-0.11026192386189733,-0.36171654566220984,0.21943323128152895,0.015331125455878995,4,unfair,9,9
0.19839548214598282,-0.01231931462790478,0.07500375617736885,-0.6500553079547607,1.0631671934165834,-0.5763981726737036,-0.14031056011830528,0.8145819040066472,0.24489154491351217,-0.5850486126764434,5,unfair,9,9
0.3449321159380441,-0.14256882279178432,0.7005994439992109,-0.5014632594685379,0.12780899820655897,-0.7846624867429473,0.08422299061325295,0.4894533069302987,0.24653405299333217,1.709259672329216,6,unfair,9,9
0.44283561904481755,0.09993035407887622,1.3906837738493445,-0.22166001572266925,0.09632298386725127,-0.39361585403386723,11.33528940342278,0.6570112534250488,0.2798649486618716,1.7092596723292166,7,unfair,9,9
0.7358747900581198,-0.20496448353634003,-0.4847888949242319,-0.6506080760737696,-0.6286165462834898,-0.6935800848439035,-0.11971966526098955,-0.10866538940108737,0.21173897869363886,-0.5457176135049182,8,unfair,9,9
