0,1,2,3,4,5,6,7,8,9,cluster_id,type,seed,k
-0.6517230560893394,0.012146699501987683,-0.14467405366707517,1.0242762789695805,-0.00011002423743483922,0.5679742669961277,-0.14325877604306786,-0.36718993685668727,0.23366194573015459,-0.5787282041778061,0,unfair,7,5
0.04320326541305124,0.14758546973471162,0.020778153454524047,0.34194669385528786,0.1746343528650165,-0.09098436262155302,0.05639485133176787,0.07684916304835844,-3.999233862902099,0.08974794173698615,1,unfair,7,5
0.313884590303983,-0.06331428587159371,0.6375831613313164,-0.4994860790159636,0.07997974164163076,-0.4470725736296904,0.0639132638873607,0.37196315541640596,0.23066564831635358,1.709259672329215,2,unfair,7,5
0.44283561904481755,0.09993035407887622,1.3906837738493447,-0.22166001572266925,0.09632298386725126,-0.39361585403386723,11.335289403422781,0.6570112534250488,0.27986494866187156,1.7092596723292164,3,unfair,7,5
0.4558131739860592,0.005520522625279289,-0.30063586781713675,-0.7817139036356653,-0.08004588728530884,-0.27493539688489754,-0.12871139894653041,0.1123783244806944,0.1837521116176699,-0.5719007141950365,4,unfair,7,5
