0,1,2,3,4,5,6,7,8,9,cluster_id,type,seed,k
-1.1259587716921766,-0.03262105598367386,-0.480952412233164,1.0326459135845132,-0.311186177028527,0.7674214088452022,-0.15643683905438852,-0.7892236204315676,0.2449395194042507,-0.5708862158554211,0,unfair,4,9
-0.48110615144473934,2.1451305145955266,-0.26912202123434203,0.2532534386373049,0.44376074773057583,-0.04850469755818692,-0.11537566118984227,-0.011081729322593242,-0.1328102692765159,-0.3911634054928663,1,unfair,4,9
-0.21032693742860695,-0.45482382632337665,0.3568180403681321,1.2220402480424053,0.35025911422029876,0.13791276117970996,-0.12291415526428685,0.23905424452941545,0.2531205810895968,-0.5513087849557721,2,unfair,4,9
-0.037973277191720035,-0.06227654560778979,-0.10489974025963593,-0.9472938010401354,-0.2902504103671716,1.7522699091869784,-0.11460234861115426,-0.3292643002153248,0.2210813690282655,-0.0010428674022752425,3,unfair,4,9
0.00602000494786167,-0.007310075217639732,0.09326560825335499,0.2837279787999824,0.16824158804887238,-0.11956215478881756,0.06510235942801337,0.15511955157255095,-4.041927819298654,0.11729065824365673,4,unfair,4,9
0.1606658058430428,-0.21446535966200675,-0.05493345468427771,-0.8126966968170682,0.11955822521823654,-0.6786891950317775,-0.12908089882982507,0.5142549375135156,0.2598801465199521,-0.5850486126764439,5,unfair,4,9
0.3581114336639559,-0.14127938240321478,0.6867808366585259,-0.5094413560315565,0.11569899269144066,-0.7972478956117452,0.07572576514561473,0.49198021312519263,0.2465340529933322,1.709259672329216,6,unfair,4,9
0.44283561904481755,0.09993035407887621,1.3906837738493445,-0.22166001572266925,0.09632298386725127,-0.39361585403386723,11.33528940342278,0.657011253425049,0.2798649486618716,1.7092596723292166,7,unfair,4,9
1.6543343525627925,-0.13723166537382187,-0.8708845230637136,-0.14464513172588883,-0.5609645739005086,-0.5121671733702089,-0.12222576351340962,-0.7740423788233068,0.1345572237248679,-0.5334911231257543,8,unfair,4,9
