0,1,2,3,4,5,6,7,8,9,cluster_id,type,seed,k
-1.1047649411763274,0.18903062466570572,-0.47554891548518124,1.0149027393940961,-0.19703389047358355,0.7076740114508691,-0.15650859019322547,-0.7029812478910221,0.22426936739463846,-0.5729094154012817,0,unfair,8,7
-0.005906701239085932,0.08301009731116918,-0.13155277692610598,-0.9305038389226381,-0.23534869659387203,1.7504513224126979,-0.11351445651743107,-0.26300910291195134,0.2119427453037133,-0.045211369145699704,1,unfair,8,7
0.04320326541305124,0.1475854697347116,0.020778153454524065,0.34194669385528786,0.17463435286501647,-0.09098436262155306,0.05639485133176787,0.07684916304835844,-3.999233862902099,0.08974794173698615,2,unfair,8,7
0.06144626222769481,-0.2989044371977959,0.3041955554208011,1.2745442426014844,0.2678392951077555,0.11299373110150195,-0.13315347139752776,0.07599409422528182,0.24143473268207932,-0.5709731017254889,3,unfair,8,7
0.33598479234757433,-0.03271039807517365,0.6941468320426865,-0.49556899409735233,0.12671247034399602,-0.786227836104738,0.08698617802486483,0.48350061994879495,0.23060445515671982,1.709259672329216,4,unfair,8,7
0.44283561904481755,0.09993035407887621,1.3906837738493447,-0.22166001572266927,0.09632298386725124,-0.39361585403386723,11.335289403422781,0.657011253425049,0.2798649486618716,1.7092596723292166,5,unfair,8,7
0.46907989427933694,0.005425378516594768,-0.3495123538384849,-0.7596876515582421,-0.049858238261910486,-0.7223880191551171,-0.12931490857402414,0.17063885570390736,0.18032747527765222,-0.568053736491217,6,unfair,8,7
