0,1,2,3,4,5,6,7,8,9,cluster_id,type,seed,k
-0.6252085653208188,0.03456532807281545,-0.15649841086655258,1.0341157623340154,0.014999639138802739,0.5512625295403825,-0.14420587518805725,-0.351680333887807,-0.040335992323107465,-0.5732829291635948,0,unfair,7,4
0.31799013363605716,-0.07293495346496423,0.6572504404094036,-0.48988848002874846,0.07706608985140742,-0.45151020853161083,0.0958316995982962,0.3883183741546068,-0.03234753179479368,1.7092596723292148,1,unfair,7,4
0.44283561904481755,0.09993035407887621,1.3906837738493445,-0.22166001572266925,0.09632298386725124,-0.39361585403386723,11.335289403422781,0.657011253425049,0.2798649486618716,1.7092596723292166,2,unfair,7,4
0.45443425775656704,0.010072808408080747,-0.30381480122251947,-0.7861301896189214,-0.07055221747896158,-0.2843136062974903,-0.12949768580111864,0.10531077478703398,0.0603475769451499,-0.5722669509215381,3,unfair,7,4
