0,1,2,3,4,5,6,7,8,9,cluster_id,type,seed,k
-0.9503735359995003,-0.23885812844638238,-0.13401455280566504,1.0314278715928942,-0.04969183960268551,0.4863635268632668,-0.14900480144088976,-0.34733016940551253,0.24283246448034204,-0.5759079422182543,0,unfair,8,8
-0.5151506355029799,2.163460483563399,-0.2887178855217034,0.32830927736744736,0.27475395120393153,0.064454339468359,-0.11282013609466085,-0.14775886726690168,-0.09102037378908424,-0.4107973505241146,1,unfair,8,8
-0.002645492516092449,-0.1070359277518452,-0.0899165499162595,-0.93334896894695,-0.26866393235447594,1.7536571644827437,-0.11234572623530581,-0.2898716375699253,0.22213107580743705,-0.01147154142502824,2,unfair,8,8
0.006020004947861674,-0.007310075217639732,0.09326560825335498,0.2837279787999824,0.16824158804887238,-0.11956215478881756,0.06510235942801337,0.15511955157255097,-4.041927819298654,0.11729065824365673,3,unfair,8,8
0.3502038430284088,-0.13974658145079377,0.698625357236256,-0.5094413560315565,0.12296499600051164,-0.7909551911773463,0.08422299061325295,0.4961917234500158,0.2465340529933322,1.709259672329216,4,unfair,8,8
0.44283561904481755,0.09993035407887622,1.3906837738493447,-0.22166001572266925,0.09632298386725126,-0.39361585403386723,11.335289403422781,0.6570112534250488,0.27986494866187156,1.7092596723292164,5,unfair,8,8
0.4681678468027798,-0.15776124896101804,-0.30048542558254415,-0.7561511243452266,-0.071351761849738,-0.7076022312297627,-0.12847284040585505,0.24265880189566114,0.22282946943067644,-0.5665461265070435,6,unfair,8,8
1.5349491962008754,-0.551294271706022,-0.14667859466108402,1.5619384482801886,0.09632298386725122,0.23276294189212884,-0.1353219990459227,-0.622034459629282,0.2394512376637675,-0.5085716698429211,7,unfair,8,8
