0,1,2,3,4,5,6,7,8,9,cluster_id,type,seed,k
-0.6517230560893394,0.012146699501987683,-0.14467405366707517,1.0242762789695805,-0.00011002423743484044,0.5679742669961277,-0.14325877604306786,-0.36718993685668727,0.23366194573015459,-0.5787282041778061,0,unfair,8,5
0.013295295721899705,0.16504715624477334,-0.0011489184960398724,0.3753295528072131,0.19029662666456953,-0.0866757108794116,0.06066153029892817,0.07925220129252225,-4.024195272636221,0.05735770712514156,1,unfair,8,5
0.3191863961899858,-0.06618088574127674,0.6396591292518852,-0.5030692399455091,0.07699939930936121,-0.44646367482492383,0.06295719306089485,0.3701654675178076,0.21775729756088907,1.7092596723292153,2,unfair,8,5
0.44283561904481755,0.09993035407887622,1.3906837738493445,-0.22166001572266925,0.09632298386725127,-0.39361585403386723,11.33528940342278,0.6570112534250488,0.2798649486618716,1.7092596723292166,3,unfair,8,5
0.4558131739860592,0.005520522625279289,-0.30063586781713675,-0.7817139036356653,-0.08004588728530883,-0.27493539688489754,-0.12871139894653041,0.1123783244806944,0.1837521116176699,-0.5719007141950365,4,unfair,8,5
