0,1,2,3,4,5,6,7,8,9,cluster_id,type,seed,k
-0.9492106245347532,-0.07741592863591389,-0.24546257407738356,1.0807850372216372,-0.21423368975478763,0.6497770438331613,-0.14868483233960827,-0.5321199192044147,0.24864405604531065,-0.5752017960026,0,unfair,3,9
-0.3000376245879629,2.257897707785011,-0.5090298126428741,0.10149673077498782,0.5047468929479039,-0.08104132013968825,-0.11153903634340491,-0.07347012157887295,-0.1957733423158158,-0.33796925890660295,1,unfair,3,9
-0.049756494857611175,-0.08005792616143748,-0.0844894283616808,-0.9438084574373754,-0.29595231404815986,1.754357155687029,-0.11421393807523599,-0.33188780068372387,0.2205420701325444,0.004314983471799692,2,unfair,3,9
0.006020004947861666,-0.007310075217639732,0.09326560825335499,0.2837279787999824,0.16824158804887235,-0.11956215478881756,0.06510235942801337,0.15511955157255095,-4.041927819298654,0.11729065824365673,3,unfair,3,9
0.05378330084237055,-0.3596257834958524,0.3656926336233417,0.021222945660139134,0.9613076505243853,-0.44514247930514717,-0.13927223090825933,0.7248320665541658,0.24924850093603507,-0.5850486126764436,4,unfair,3,9
0.3449321159380441,-0.14256882279178434,0.7005994439992111,-0.5014632594685379,0.12780899820655897,-0.7846624867429473,0.08422299061325295,0.4894533069302987,0.24653405299333217,1.709259672329216,5,unfair,3,9
0.40174438913509963,-0.14139902870966659,-0.481779822672699,-0.7322795656573716,-0.6628078493548356,-0.718431772570898,-0.12362494825480154,0.1512532346832803,0.24576588000722122,-0.556369759113873,6,unfair,3,9
0.44283561904481755,0.09993035407887621,1.3906837738493447,-0.22166001572266927,0.09632298386725124,-0.39361585403386723,11.335289403422781,0.657011253425049,0.2798649486618716,1.7092596723292166,7,unfair,3,9
2.047094529681299,-0.44289499683418904,-0.42977811950226885,0.8578636049304947,-0.1017587141859196,-0.05507893143704121,-0.12489123267831227,-1.2175874378078788,0.1332661930805134,-0.5400621757155479,8,unfair,3,9
