0,1,2,3,4,5,6,7,8,9,cluster_id,type,seed,k
-1.0948895180210705,-0.00731273587240681,-0.4913541434730307,1.049706657998376,-0.23258476592336272,0.9536072174821378,-0.1563579128016679,-0.9344523174490929,0.2625447868055412,-0.5686606963549745,0,unfair,6,9
-0.3997166615852538,-0.3539215388068062,0.2595545504621986,1.1653471049812718,0.21162806705414483,0.06056739599773618,-0.13866345077529754,0.211330849326041,0.23771567952274458,-0.5709731017254889,1,unfair,6,9
-0.39670659071923653,2.261877285480199,-0.37474749014361586,0.11660107202919875,0.33476357006940205,-0.023996617874329464,-0.11289426203543004,0.0030364360858343513,-0.1574475957205988,-0.3795881692431005,2,unfair,6,9
-0.04822994333304581,-0.10488823927160094,-0.08497741617005655,-0.9474240830883867,-0.28653259789960095,1.750831274065444,-0.11381833475161553,-0.33455988449413027,0.21999278422023577,0.009772053806505643,3,unfair,6,9
0.006020004947861679,-0.007310075217639732,0.09326560825335498,0.28372797879998235,0.16824158804887235,-0.11956215478881758,0.06510235942801337,0.15511955157255097,-4.041927819298654,0.11729065824365673,4,unfair,6,9
0.15870325949720396,-0.22525911610659485,-0.05294546505783517,-0.8098541578285383,0.12747446766746723,-0.680745947768259,-0.12892698613260725,0.5173353667216556,0.2597697332484497,-0.5850486126764439,5,unfair,6,9
0.35255198227451995,-0.14239756942769113,0.6889877644242911,-0.5017291960206385,0.11921399942044422,-0.7853401626051133,0.0829862619586914,0.49342508512893973,0.24670498066342725,1.709259672329216,6,unfair,6,9
0.44283561904481755,0.09993035407887624,1.3906837738493447,-0.22166001572266927,0.09632298386725127,-0.39361585403386723,11.335289403422781,0.6570112534250488,0.2798649486618716,1.7092596723292166,7,unfair,6,9
1.6595418636802175,-0.14785274641542817,-0.8700717217972684,-0.11479151271423357,-0.5406094839812392,-0.5098810597741914,-0.12261146721910782,-0.775001194082776,0.13617175400194573,-0.534063984120762,8,unfair,6,9
