0,1,2,3,4,5,6,7,8,9,cluster_id,type,seed,k
-0.7348661775267972,-0.07041093855241974,-0.15081884149365996,1.0990075983424357,-0.9767544237507753,0.44007637293855806,-0.14394420735066024,-0.19511631390936962,0.23480912221128253,-0.5695465296696487,0,unfair,5,8
-0.7132770524247335,0.02919514803659965,-0.11087896036419102,1.1079876444591232,0.8304920682213,0.48974695914533395,-0.15075946410038296,-0.4309493859167346,0.2304460085826682,-0.5850486126764439,1,unfair,5,8
-0.047559426215893146,0.11248404967634865,-0.10505111292051075,-0.9570819479696254,-0.23667057647976783,1.747685935166189,-0.11493807948169152,-0.31114748145280285,0.20958023388256,-0.026434421544630368,2,unfair,5,8
0.04320326541305124,0.1475854697347116,0.020778153454524065,0.34194669385528786,0.17463435286501647,-0.09098436262155306,0.05639485133176787,0.07684916304835844,-3.999233862902099,0.08974794173698615,3,unfair,5,8
0.07062299679382782,-0.06855456565249742,-0.06015510298401099,-0.7498606627758571,0.21441155616546867,-0.6907380464813623,-0.13011268394821104,0.5519641530373167,0.2264076589818397,-0.5850486126764439,4,unfair,5,8
0.3367116687196644,-0.03322762270441738,0.6998628444607949,-0.4801684892891373,0.14073838717941667,-0.7831910583428638,0.08698617802486483,0.47699687465115764,0.23060445515671987,1.709259672329216,5,unfair,5,8
0.44283561904481755,0.09993035407887621,1.3906837738493447,-0.22166001572266927,0.09632298386725124,-0.39361585403386723,11.335289403422781,0.657011253425049,0.2798649486618716,1.7092596723292166,6,unfair,5,8
1.515642840560754,0.03354704372505764,-0.8123218503032034,-0.32484339793771067,-0.5659674510852776,-0.5796401832183858,-0.12242594796097944,-0.6167821046098956,0.11051225495553041,-0.5194969473905673,7,unfair,5,8
