0,1,2,3,4,5,6,7,8,9,cluster_id,type,seed,k
-0.8087011873557407,0.050629841334824455,-0.12640356237802836,0.944355557669573,0.011332115749088396,0.6091715454764285,-0.14266831057459,-0.36482926622894923,0.2335080448699285,-0.5715526815881757,0,unfair,1,6
0.04320326541305124,0.1475854697347116,0.02077815345452404,0.34194669385528786,0.17463435286501647,-0.09098436262155306,0.05639485133176787,0.07684916304835844,-3.999233862902098,0.08974794173698615,1,unfair,1,6
0.10357219773445411,0.05320700764964664,-0.14079773843915733,-0.857653896470276,0.06552637808161323,-0.18753904273570854,-0.13228220964657858,0.3900001468215252,0.1988861644521874,-0.5850486126764441,2,unfair,1,6
0.3161924883381081,-0.06333781251502951,0.6354890626865504,-0.4992509925176571,0.0768306343787246,-0.45834866509016137,0.06487768467737644,0.38662073059296814,0.23045080421004122,1.7092596723292148,3,unfair,1,6
0.44283561904481755,0.09993035407887624,1.3906837738493447,-0.22166001572266927,0.09632298386725127,-0.39361585403386723,11.335289403422781,0.6570112534250488,0.2798649486618716,1.7092596723292166,4,unfair,1,6
1.5999370868589284,-0.237192730805441,-0.7146345304392602,0.05993883735746392,-0.4577668911169367,-0.42158531390536025,-0.1250337496415267,-0.7277605856484511,0.15786129281853828,-0.5417597771102988,5,unfair,1,6
