0,1,2,3,4,5,6,7,8,9,cluster_id,type,seed,k
-0.6910615677190711,-0.161525929518009,-0.17697974180938708,1.1347479070767068,0.7701449830458243,0.5186188371594446,-0.15006579163234773,-0.4185992274681398,0.2476672118776678,-0.5850486126764439,0,unfair,2,8
-0.5318896789271446,-0.19656940460161476,-0.0653318106349068,1.1695403305134984,-1.0629139236325145,0.4198162605800061,-0.1468015079548873,-0.28006340769795635,0.24741598362689743,-0.5683018368734826,1,unfair,2,8
-0.3159529705425181,2.3959839233524205,-0.4024056147473669,0.020844707455538573,0.24410411568561466,-0.0996711604887737,-0.10934225921358996,-0.10260353163677746,-0.19271473639660444,-0.3260138063048364,2,unfair,2,8
0.005845402267196909,-0.13403112923266977,-0.08699003615811429,-0.929800795210067,-0.2634860088251835,1.7557193007332053,-0.11194398415610814,-0.29945363659177926,0.2216109508267665,-0.0063041804227632415,3,unfair,2,8
0.00602000494786167,-0.007310075217639732,0.09326560825335499,0.2837279787999824,0.16824158804887238,-0.11956215478881756,0.06510235942801337,0.15511955157255095,-4.041927819298654,0.11729065824365673,4,unfair,2,8
0.3608395140095528,-0.14275848268199678,0.6833564004370734,-0.4861990441056194,0.12509042553989974,-0.7828966768251311,0.08176215298427846,0.4906866778111397,0.2468741641736234,1.7092596723292157,5,unfair,2,8
0.44283561904481755,0.09993035407887621,1.3906837738493445,-0.22166001572266925,0.09632298386725127,-0.39361585403386723,11.33528940342278,0.657011253425049,0.2798649486618716,1.7092596723292166,6,unfair,2,8
0.5604021935087327,-0.1941659237794586,-0.2831126660658129,-0.7105143209713863,-0.05418167842532878,-0.6974495362224487,-0.12474078297411426,0.17882809853506001,0.21908651610612923,-0.5760864709381407,7,unfair,2,8
