0,1,2,3,4,5,6,7,8,9,cluster_id,type,seed,k
-0.7459523848660622,-0.15370575228060246,-0.13648435380893212,1.1057788197108152,-0.9921487060872987,0.47962784951216414,-0.1469473725458422,-0.2302210908569475,0.25515152826734744,-0.5685427976764028,0,unfair,2,9
-0.6995775841212086,-0.19357497992475106,-0.12406935518078228,1.1296249402647591,0.8435832759905046,0.5209220519626878,-0.1500893834216748,-0.44640517655130996,0.24456381556111798,-0.5850486126764438,1,unfair,2,9
-0.35260942414577096,2.3665815600169893,-0.3965227755459341,0.03629843981493417,0.2790495115287034,-0.08357530539300301,-0.11009776457569562,-0.10814663828806159,-0.1852134715544064,-0.3665430617235232,2,unfair,2,9
-0.04462669714273942,-0.10106522302382814,-0.08189533989996008,-0.9583397705890693,-0.2813281040098221,1.7529440893307147,-0.11341533697334792,-0.3449177362544105,0.21943323128152895,0.015331125455878992,3,unfair,2,9
0.006020004947861674,-0.007310075217639732,0.09326560825335498,0.2837279787999824,0.16824158804887235,-0.11956215478881756,0.06510235942801337,0.15511955157255095,-4.041927819298654,0.11729065824365673,4,unfair,2,9
0.11820977276679642,-0.24742618092662086,0.01554697575352758,-0.7446159215717754,0.16495541961810165,-0.669909011495424,-0.12845487190406277,0.5763571126779139,0.25943104984260557,-0.5850486126764439,5,unfair,2,9
0.35330122407344355,-0.1429307086609116,0.694879654147572,-0.4858548295260167,0.13367148292772393,-0.7822099455274892,0.08298626195869144,0.48672122459137496,0.24670498066342728,1.7092596723292155,6,unfair,2,9
0.44283561904481755,0.09993035407887621,1.3906837738493445,-0.22166001572266925,0.09632298386725124,-0.39361585403386723,11.335289403422781,0.657011253425049,0.2798649486618716,1.7092596723292166,7,unfair,2,9
1.5987166974311415,-0.1376050373133328,-0.8256575114179512,-0.2711788263839056,-0.5619819617702126,-0.573463594163431,-0.11919034023611057,-0.623736611718898,0.1451525786681911,-0.5133514787700164,8,unfair,2,9
