0,1,2,3,4,5,6,7,8,9,cluster_id,type,seed,k
-0.628893140028636,0.036582380951704296,-0.1607570303880502,1.0342177826842378,0.016602412856672764,0.5534673611066266,-0.1441731419699642,-0.3545734202316211,-0.04115913098887863,-0.573252683190554,0,unfair,8,4
0.31799013363605716,-0.07293495346496423,0.6572504404094035,-0.48988848002874846,0.07706608985140742,-0.45151020853161083,0.0958316995982962,0.38831837415460685,-0.032347531794793674,1.7092596723292148,1,unfair,8,4
0.44283561904481755,0.09993035407887622,1.3906837738493445,-0.22166001572266925,0.09632298386725127,-0.39361585403386723,11.33528940342278,0.6570112534250488,0.2798649486618716,1.7092596723292166,2,unfair,8,4
0.4554166375850769,0.00796130549079456,-0.29880391404413476,-0.7811841895197094,-0.07204645947794401,-0.2843750044736879,-0.12957391194341067,0.10716749556222517,0.0609573474221408,-0.572302455537524,3,unfair,8,4
