0,1,2,3,4,5,6,7,8,9,cluster_id,type,seed,k
-0.6672798302621646,-0.01709802007840743,-0.13778815391791877,1.1441378783291059,0.008222693744765341,0.4493068875834823,-0.147492117104591,-0.34823113778533227,0.22994920442314162,-0.5782203142091655,0,unfair,3,6
0.0009364908353921757,0.07824071790556274,-0.12282127069960139,-0.902199126174918,-0.22334145679575768,1.739898320975564,-0.1145822755463364,-0.26095498356975044,0.21361296341907787,-0.05848605546202946,1,unfair,3,6
0.04320326541305124,0.14758546973471162,0.020778153454524047,0.34194669385528786,0.17463435286501647,-0.09098436262155306,0.05639485133176787,0.07684916304835844,-3.999233862902098,0.08974794173698615,2,unfair,3,6
0.34410817556536333,-0.033603596932581706,0.6886571963540079,-0.4805306298724988,0.13237722800978677,-0.7838525346870345,0.08577862715827518,0.4808926824779602,0.23084831898595326,1.7092596723292157,3,unfair,3,6
0.44283561904481755,0.09993035407887622,1.3906837738493447,-0.22166001572266925,0.09632298386725126,-0.39361585403386723,11.335289403422781,0.6570112534250488,0.27986494866187156,1.7092596723292164,4,unfair,3,6
0.5293571055056261,-0.018577580470832585,-0.3142631601590913,-0.685044353785659,-0.041971561384121385,-0.7003580989657862,-0.12770942185835352,0.15313284518223932,0.18456311244293816,-0.568776922711865,5,unfair,3,6
