0,1,2,3,4,5,6,7,8,9,cluster_id,type,seed,k
-1.3156081243932694,-0.07891837027335409,-0.4530568602717033,0.972319121337095,-0.0010068604585427188,0.9318074914058274,-0.15577672857708866,-1.8080940356737316,0.2769782550191499,-0.5522727800335052,0,unfair,1,9
-0.8069580151903762,-0.11013597421504616,0.0007298161515723851,1.030933401126367,-0.05549764187841625,0.3270090532434245,-0.1454082650937273,0.1455397845560598,0.23697303840444983,-0.5742264037849079,1,unfair,1,9
-0.18439602831271554,2.4571081534858936,-0.4345685166572693,-0.0863271314135325,0.2542959178799845,-0.09593683588838228,-0.10199776970599969,-0.046120104342644644,-0.22530643881443044,-0.3081493368998981,2,unfair,1,9
-0.0035131535524852,-0.11965484073916828,-0.07746240392107029,-0.9367086834317533,-0.25068977967330475,1.7487572260527473,-0.11111838575482119,-0.24118964163335785,0.2205420701325444,-0.016733716390637546,3,unfair,1,9
0.00602000494786167,-0.007310075217639732,0.09326560825335498,0.2837279787999824,0.16824158804887238,-0.11956215478881756,0.06510235942801337,0.15511955157255097,-4.041927819298654,0.11729065824365673,4,unfair,1,9
0.3502038430284088,-0.13974658145079377,0.698625357236256,-0.5094413560315565,0.12296499600051165,-0.7909551911773463,0.08422299061325295,0.4961917234500158,0.2465340529933322,1.709259672329216,5,unfair,1,9
0.44283561904481755,0.09993035407887622,1.3906837738493447,-0.22166001572266925,0.09632298386725126,-0.39361585403386723,11.335289403422781,0.6570112534250488,0.27986494866187156,1.7092596723292164,6,unfair,1,9
0.47008007749133357,-0.18640671496160877,-0.2907642749021438,-0.7658194509111851,-0.05869501296029217,-0.714179039123224,-0.12733689275612164,0.21888448090627008,0.22189446157442733,-0.575645709869044,7,unfair,1,9
1.5475729346682663,-0.49726362016998693,-0.2400702150994087,1.6461143653503538,0.10456628586701601,0.293266743037258,-0.14118248933192298,-0.6524940233382004,0.23732420024281461,-0.5045465675885253,8,unfair,1,9
