0,1,2,3,4,5,6,7,8,9,cluster_id,type,seed,k
-0.9800970012961965,-0.12756847351928643,-0.15100007797952184,1.0245417280668312,-0.07005058606574413,0.4963558424355979,-0.14711068394789978,-0.3926876792431969,0.24369703609547502,-0.5761213430849824,0,unfair,8,9
-0.3330171817026531,2.481814225274259,-0.4675834159687584,0.08712769213761462,0.24619474177676745,0.030351232415762843,-0.10605971867478602,-0.2222048032684408,-0.22530643881443035,-0.3081493368998981,1,unfair,8,9
-0.013904282256969012,-0.12644898664036094,-0.08189533989996012,-0.9221773702800594,-0.33182795878408194,1.7700578929794073,-0.11026192386189733,-0.35408072320411926,0.21943323128152895,0.015331125455878995,2,unfair,8,9
0.006020004947861666,-0.007310075217639732,0.09326560825335499,0.2837279787999824,0.16824158804887235,-0.11956215478881756,0.06510235942801337,0.15511955157255095,-4.041927819298654,0.11729065824365673,3,unfair,8,9
0.17170374305932848,-0.09816450170868014,0.17074696418068736,-0.5384386685394514,1.0496133026285088,-0.5587907016120681,-0.14031056011830528,0.8601472060979072,0.24489154491351217,-0.5850486126764434,4,unfair,8,9
0.3425323289946139,-0.1399049864490175,0.710347136668103,-0.5092140009481545,0.13162396367453405,-0.7903030974535743,0.08547253510879442,0.49221370100330464,0.24636135405204443,1.7092596723292157,5,unfair,8,9
0.44283561904481755,0.09993035407887621,1.3906837738493447,-0.22166001572266927,0.09632298386725124,-0.39361585403386723,11.335289403422781,0.657011253425049,0.2798649486618716,1.7092596723292166,6,unfair,8,9
0.6319857249784393,-0.18389448780550052,-0.5036639845020289,-0.7560025307648475,-0.6308540139691402,-0.7169784574991439,-0.12283693605199542,-0.08415439931061655,0.2089003966116291,-0.5577354188073288,7,unfair,8,9
1.3886548057386747,-0.5239712294760087,-0.17288199895672907,1.7411516910747342,0.03037656786913314,0.3682272046329933,-0.14118248933192298,-0.5406895071360528,0.2621396368205979,-0.5045465675885253,8,unfair,8,9
