0,1,2,3,4,5,6,7,8,9,cluster_id,type,seed,k
-0.6040974560462562,0.2323772061311553,-0.4730380515071784,0.13223174742558008,-0.6033720739171295,1.3124496649817583,-0.13228552204649058,-0.8239244987802619,0.23374060458794846,-0.3606054108824114,0,unfair,8,6
-0.44425473077241256,-0.1341385167738251,0.10705997889990188,1.1794199735746267,0.2750975433721097,0.26020222525883197,-0.14221607729961813,-0.03451394793217293,0.22673138440141613,-0.5759079422182543,1,unfair,8,6
0.04320326541305124,0.1475854697347116,0.02077815345452404,0.34194669385528786,0.17463435286501647,-0.09098436262155306,0.05639485133176787,0.07684916304835844,-3.999233862902098,0.08974794173698615,2,unfair,8,6
0.3298132005090736,-0.051319815116825394,0.6871905527791391,-0.516817332099253,0.1428665333659231,-0.6490428331544144,0.07432967790428828,0.4550103040945515,0.22648834923041333,1.7092596723292153,3,unfair,8,6
0.44283561904481755,0.09993035407887624,1.3906837738493447,-0.22166001572266927,0.09632298386725127,-0.39361585403386723,11.335289403422781,0.6570112534250488,0.2798649486618716,1.7092596723292166,4,unfair,8,6
0.4997906947765547,-0.021814267281891665,-0.32648109375884166,-0.7684320059832457,0.007127661890135585,-0.5485047552404685,-0.12862468982654354,0.1874052140645998,0.18328302915792793,-0.5694939802357278,5,unfair,8,6
