0,1,2,3,4,5,6,7,8,9,cluster_id,type,seed,k
-0.6477125779242038,0.010052702410457642,-0.14015543103887992,1.0241942832748767,-0.001781368503575494,0.565572093323807,-0.14329635934247217,-0.3640555407283561,0.23378887705689005,-0.5787455679374178,0,unfair,2,5
0.04320326541305124,0.1475854697347116,0.020778153454524065,0.34194669385528786,0.17463435286501647,-0.09098436262155306,0.05639485133176787,0.07684916304835844,-3.999233862902099,0.08974794173698615,1,unfair,2,5
0.313884590303983,-0.06331428587159371,0.6375831613313163,-0.49948607901596365,0.07997974164163076,-0.4470725736296904,0.06391326388736068,0.37196315541640607,0.23066564831635358,1.709259672329215,2,unfair,2,5
0.44283561904481755,0.09993035407887621,1.3906837738493447,-0.22166001572266927,0.09632298386725124,-0.39361585403386723,11.335289403422781,0.657011253425049,0.2798649486618716,1.7092596723292166,3,unfair,2,5
0.4548008813940074,0.007691754707004079,-0.30581040934246184,-0.7868177649854731,-0.07852740036051767,-0.27484493265258797,-0.1286302848715887,0.11047788790203011,0.1834759253043245,-0.5718629328775612,4,unfair,2,5
