0,1,2,3,4,5,6,7,8,9,cluster_id,type,seed,k
-0.851857870285766,0.017268674610583862,-0.12659435167928043,1.0776151460916719,0.009083608631955757,0.48689425458585095,-0.14697070572218918,-0.35068812977322833,0.22852505521151129,-0.577575295787175,0,unfair,4,7
-0.05552129360788172,0.10423391176863149,-0.09669739455087707,-0.9337003046158118,-0.22024077047117258,1.7368455113221988,-0.11600590196163785,-0.3008758653647795,0.21136713341084754,-0.04063647725137137,1,unfair,4,7
0.04320326541305124,0.1475854697347116,0.02077815345452403,0.34194669385528786,0.17463435286501647,-0.09098436262155304,0.05639485133176787,0.07684916304835844,-3.999233862902098,0.08974794173698615,2,unfair,4,7
0.11686242412160458,0.022096009670927143,-0.13114290430582853,-0.7102861737524556,0.1484074321157649,-0.6778349241985983,-0.13188199372048506,0.5332450680625636,0.20170635663723624,-0.5850486126764439,3,unfair,4,7
0.33362426132921175,-0.029590503880820605,0.7035210924083845,-0.5030189882983265,0.1303884293812792,-0.791678852187302,0.0882058044001204,0.4861346367943381,0.23035815268919407,1.7092596723292157,4,unfair,4,7
0.44283561904481755,0.09993035407887621,1.3906837738493445,-0.22166001572266925,0.09632298386725124,-0.39361585403386723,11.335289403422781,0.657011253425049,0.2798649486618716,1.7092596723292166,5,unfair,4,7
1.631133112137697,-0.23422580384040698,-0.6992536808516652,0.1394818220299756,-0.4182945838323489,-0.42849541575596456,-0.12472988919024366,-0.7202729516585501,0.17209505266692718,-0.49764639229527524,6,unfair,4,7
