0,1,2,3,4,5,6,7,8,9,cluster_id,type,seed,k
-1.088502432017278,0.19380078079548893,-0.4823430180138948,1.0275368136530891,-0.15243077647859124,0.741368814837585,-0.15650398584207018,-0.7292609388575005,0.23339998681913163,-0.5727795844143816,0,unfair,1,8
-0.21754610252647116,-0.28133548235362504,0.39458967458434324,1.2007966105275436,0.2921014063616644,0.08423414155886473,-0.12252719003399935,0.2508291319258182,0.23271561916408345,-0.5544578355430348,1,unfair,1,8
-0.05088889052175469,0.10708374771548969,-0.10772101347352682,-0.9469299098019163,-0.24190111844206233,1.7457641602137344,-0.11530015721914459,-0.3017950871829006,0.21018613659617474,-0.03125006112335289,2,unfair,1,8
0.04320326541305124,0.14758546973471162,0.02077815345452404,0.34194669385528786,0.17463435286501647,-0.09098436262155306,0.05639485133176787,0.07684916304835844,-3.999233862902098,0.08974794173698615,3,unfair,1,8
0.07406441491149651,-0.06997636228494696,-0.060458507881625,-0.7933464019064639,0.18552256459732608,-0.6948484325428889,-0.12982577043935506,0.4954147335772542,0.22583592326333668,-0.5850486126764439,4,unfair,1,8
0.3338096421989329,-0.030684873086131607,0.7033671334809419,-0.5027662149373725,0.1317401859265421,-0.7971846523510979,0.08115396098657543,0.47812032311651587,0.23010937481998464,1.7092596723292157,5,unfair,1,8
0.44283561904481755,0.09993035407887624,1.3906837738493445,-0.22166001572266925,0.09632298386725127,-0.39361585403386723,11.335289403422781,0.6570112534250488,0.2798649486618716,1.7092596723292166,6,unfair,1,8
1.51945243894474,0.043721938501876126,-0.9315869911465419,-0.2903535295412821,-0.560580150249925,-0.5612409322128782,-0.1269440806899118,-0.6072934920182383,0.10722385313598978,-0.5182240995209385,7,unfair,1,8
