0,1,2,3,4,5,6,7,8,9,cluster_id,type,seed,k
-0.6447471946919299,0.009899905319736942,-0.13747050471103808,1.019802808937225,-0.003170968547942262,0.5708135575170182,-0.1433709098216185,-0.37033918342704314,0.2340406588689391,-0.5662428070616439,0,unfair,0,4
0.04320326541305124,0.14758546973471162,0.02077815345452404,0.34194669385528786,0.17463435286501647,-0.09098436262155302,0.05639485133176787,0.07684916304835844,-3.999233862902098,0.08974794173698615,1,unfair,0,4
0.3212910638130468,-0.05883810613417685,0.6624533674435568,-0.49733841379872185,0.08332662901230307,-0.46226179997629285,0.4015359774983183,0.39650437799542504,0.23171244194072627,1.7092596723292148,2,unfair,0,4
0.4548008813940074,0.007691754707004079,-0.3058104093424618,-0.7868177649854731,-0.07852740036051767,-0.27484493265258797,-0.12863028487158873,0.11047788790203011,0.18347592530432447,-0.5718629328775612,3,unfair,0,4
