0,1,2,3,4,5,6,7,8,9,cluster_id,type,seed,k
-0.8382769297118101,0.014913195041862667,-0.12226252737738989,1.0795811809351166,0.011168873889098754,0.48768569336184175,-0.14703522605425426,-0.35054946420974675,0.2288573522564974,-0.5776236667702771,0,unfair,2,7
-0.05552129360788172,0.10423391176863148,-0.09669739455087707,-0.9337003046158118,-0.22024077047117258,1.7368455113221988,-0.11600590196163783,-0.30087586536477956,0.21136713341084756,-0.04063647725137137,1,unfair,2,7
0.04320326541305124,0.14758546973471162,0.020778153454524047,0.34194669385528786,0.1746343528650165,-0.09098436262155302,0.05639485133176787,0.07684916304835844,-3.999233862902099,0.08974794173698615,2,unfair,2,7
0.1139326729533419,0.02595859214296438,-0.12979874945860323,-0.7110300850634713,0.15310800498885355,-0.6767023443139218,-0.13176323967638198,0.5359775221726224,0.20133593676982092,-0.5850486126764441,3,unfair,2,7
0.33362426132921175,-0.029590503880820605,0.7035210924083845,-0.5030189882983266,0.13038842938127918,-0.791678852187302,0.0882058044001204,0.4861346367943381,0.23035815268919407,1.7092596723292157,4,unfair,2,7
0.44283561904481755,0.09993035407887622,1.3906837738493447,-0.22166001572266925,0.09632298386725126,-0.39361585403386723,11.335289403422781,0.6570112534250488,0.27986494866187156,1.7092596723292164,5,unfair,2,7
1.6299155942144459,-0.2374356967082498,-0.7204013564655851,0.10893784006934176,-0.43679672046368906,-0.45314587524225436,-0.12442018526874361,-0.721283019931509,0.1710588036669758,-0.4968059863300717,6,unfair,2,7
