0,1,2,3,4,5,6,7,8,9,cluster_id,type,seed,k
-0.6629018752880333,-0.019273005899584115,-0.132927938081379,1.1436936408447391,0.006392717392072764,0.44706438361519724,-0.14752014968596092,-0.34490187549559576,0.23009732235856814,-0.5782405762224216,0,unfair,2,6
0.0009364908353921766,0.07824071790556272,-0.12282127069960139,-0.9021991261749179,-0.2233414567957576,1.7398983209755639,-0.1145822755463364,-0.26095498356975044,0.21361296341907787,-0.05848605546202946,1,unfair,2,6
0.04320326541305124,0.14758546973471162,0.02077815345452404,0.34194669385528786,0.17463435286501647,-0.09098436262155306,0.05639485133176787,0.07684916304835844,-3.999233862902098,0.08974794173698615,2,unfair,2,6
0.34410817556536333,-0.0336035969325817,0.688657196354008,-0.4805306298724987,0.13237722800978677,-0.7838525346870345,0.08577862715827517,0.4808926824779602,0.23084831898595326,1.7092596723292157,3,unfair,2,6
0.44283561904481755,0.09993035407887624,1.3906837738493445,-0.22166001572266925,0.09632298386725127,-0.39361585403386723,11.335289403422781,0.6570112534250488,0.2798649486618716,1.7092596723292166,4,unfair,2,6
0.5283651699521938,-0.015974410857508323,-0.32071998486782827,-0.6910211302976986,-0.039955519477614214,-0.7017600247637831,-0.1276054016620265,0.15092431347877444,0.18422396000087785,-0.5687190163418843,5,unfair,2,6
