0,1,2,3,4,5,6,7,8,9,cluster_id,type,seed,k
-0.8091329721308678,0.016092238544639065,-0.12906923293185635,1.0964520005383782,0.010961073609237043,0.49042962916366134,-0.14709891654282015,-0.3693278156365125,0.22918537538450623,-0.5776714156185483,0,unfair,3,7
-0.05552129360788172,0.10423391176863148,-0.09669739455087707,-0.9337003046158117,-0.22024077047117258,1.7368455113221988,-0.11600590196163785,-0.3008758653647795,0.21136713341084756,-0.04063647725137138,1,unfair,3,7
0.04320326541305124,0.1475854697347116,0.02077815345452404,0.3419466938552879,0.17463435286501647,-0.09098436262155304,0.05639485133176787,0.07684916304835844,-3.999233862902098,0.08974794173698615,2,unfair,3,7
0.056919331856804686,-0.07900950817258938,-0.03952356994625886,-0.682300114896961,0.19124585537969396,-0.6732689057198743,-0.13133206636084907,0.580200719303155,0.22883753578547758,-0.585048612676444,3,unfair,3,7
0.3343547720831623,-0.030110314633210556,0.7092656848885837,-0.48754148096607025,0.1444844758008769,-0.7886268905366187,0.0882058044001204,0.47959837277021256,0.2303581526891941,1.7092596723292157,4,unfair,3,7
0.44283561904481755,0.09993035407887621,1.3906837738493445,-0.22166001572266925,0.09632298386725126,-0.39361585403386723,11.335289403422781,0.6570112534250488,0.2798649486618716,1.7092596723292166,5,unfair,3,7
1.5195449476936578,-0.03360620579381732,-0.8110532032406335,-0.12264242223059538,-0.46751887291665845,-0.5134195660358534,-0.12542709135795924,-0.5995956546913873,0.12523857614738612,-0.5052465853718985,6,unfair,3,7
