0,1,2,3,4,5,6,7,8,9,cluster_id,type,seed,k
-0.6230119827089575,-0.2799402855609868,-0.13765978052834826,1.1608262559834919,-0.04239237623459229,0.4789684033824216,-0.1497534406601879,-0.38684700162240376,0.24469260632563763,-0.5772182089733532,0,unfair,0,7
-0.5232648530547723,2.1467071884797413,-0.2855062462658959,0.33663578447657255,0.287206945799304,0.05981844835339674,-0.11337162310630568,-0.1464531657905633,-0.08638430725844727,-0.41297549130101874,1,unfair,0,7
0.00602000494786167,-0.007310075217639732,0.09326560825335499,0.2837279787999824,0.16824158804887238,-0.11956215478881756,0.06510235942801337,0.15511955157255095,-4.041927819298654,0.11729065824365673,2,unfair,0,7
0.012933272693393241,-0.1196063043174321,-0.10973696750228148,-0.9231374340050773,-0.26335489675080315,1.7516315262190156,-0.11274035783522565,-0.2876896120087741,0.22264199503623738,-0.01654744471043899,3,unfair,0,7
0.3608395140095528,-0.14275848268199678,0.6833564004370734,-0.4861990441056194,0.12509042553989974,-0.7828966768251311,0.08176215298427846,0.4906866778111397,0.2468741641736234,1.7092596723292157,4,unfair,0,7
0.44283561904481755,0.09993035407887621,1.3906837738493445,-0.22166001572266925,0.09632298386725127,-0.39361585403386723,11.33528940342278,0.657011253425049,0.2798649486618716,1.7092596723292166,5,unfair,0,7
0.5680262024508452,-0.18534051606243065,-0.27735711062286533,-0.6862384119280694,-0.05432178702921313,-0.6908243332116615,-0.1254781489447738,0.1877741421510954,0.22047838860740576,-0.5675348089741108,6,unfair,0,7
