cluster_id,age,capital-gain,education-num,final-weight,hours-per-week,income,marital-status,native-country,occupation,relationship,type,seed,k
0,-0.8926293530210143,-0.14176281907148575,-0.1873694580624944,0.025776500263142894,-0.3808962469336778,-0.5531832198291424,0.9729333081359943,0.18374205965596416,0.025353305713026537,0.541350175461239,fair,1,6
1,0.00452916667449317,0.1295754721160935,0.14229181494893187,0.14044280677578386,0.2036640449335484,0.19710193903003168,0.37884716810999847,-4.0324617135221965,0.1497170990930003,-0.12607376127914416,fair,1,6
2,0.0527062199816256,-0.13131281883879017,-0.1814069554135422,0.07059110836877444,0.3438361863192892,-0.576825285490043,-0.7974106084970746,0.16325908001142772,0.05085186638467792,-0.06576047548117911,fair,1,6
3,0.22452206039293182,0.029077911039281618,0.67546576463791,-0.015815686149752917,0.31888391156398355,1.3840129039567668,-0.35466322596701655,0.23418661630769258,0.08102076233895233,-0.3414969687019978,fair,1,6
4,0.44283561904481744,11.335289403422781,1.3906837738493447,0.09993035407887621,0.6570112534250488,1.7092596723292164,-0.22166001572266927,0.2798649486618716,0.09632298386725129,-0.39361585403386723,fair,1,6
5,1.4915109740961308,-0.12540258702239426,-0.7249359203538539,-0.24685663803532612,-0.6861254093837501,-0.509203710692785,0.16299350180270636,0.1312360115200836,-0.41237731391988486,-0.331639773287992,fair,1,6
