cluster_id,age,capital-gain,education-num,final-weight,hours-per-week,income,marital-status,native-country,occupation,relationship,type,seed,k
0,-0.7598811059234254,-0.1447444437264599,-0.1944876214026104,-0.08097280735713992,-0.17360082284338052,-0.555057654702513,0.9033856853194835,0.19798095905786972,-0.9585772220438216,0.3119543651157466,fair,9,8
1,-0.82352883166585,-0.1402593712832482,-0.18772777845172833,0.043998316043710094,-0.47774904058374595,-0.5300951208200203,1.00369781455989,0.1685457447149979,0.9094482164548257,0.4757624433806819,fair,9,8
2,-0.2566534453543987,-0.1080714487768279,-0.23638866900939892,0.27333777545731064,-0.2917703199399472,-0.4279042095938638,-0.9137559893861807,0.14146182880535055,-0.2576873143418244,1.1986600286906397,fair,9,8
3,-0.003965144417954983,0.09608488823558461,0.11962111876209958,0.15924025701502556,0.19040669123768067,0.16193548011609718,0.4005254949760021,-4.0810564241568095,0.1345680710522064,-0.10768456317248877,fair,9,8
4,0.10447267092377042,-0.14054987869839602,-0.059141947343764247,-0.029903955197559774,0.5528619915021692,-0.5850486126764433,-0.7234033852848211,0.19215387259455763,0.27058729399964093,-0.39026205002212705,fair,9,8
5,0.26751303809668775,0.04173777792342503,0.7081167663925436,-0.006562077517515085,0.35148759789735157,1.388056512428424,-0.3954503123391461,0.2232857532645258,0.11323823957076859,-0.3698977520628411,fair,9,8
6,0.44283561904481744,11.335289403422781,1.3906837738493447,0.09993035407887621,0.6570112534250488,1.7092596723292164,-0.22166001572266927,0.2798649486618716,0.09632298386725129,-0.39361585403386723,fair,9,8
7,1.4696415347976972,-0.11899689536542805,-0.8222426703324994,-0.12301072933523649,-0.5890807951743157,-0.43821288243608103,-0.1942427170198154,0.11174391090975831,-0.563371988569923,-0.3503651974984666,fair,9,8
