cluster_id,age,capital-gain,education-num,final-weight,hours-per-week,income,marital-status,native-country,occupation,relationship,type,seed,k
0,-0.6439299495830354,-0.13958664633670695,-0.2227244893846367,0.029542342624678405,-0.40780715766855286,-0.5521788664729238,1.0010820698792333,-0.04958206506192875,0.020255493637330316,0.45438724399477165,fair,7,4
1,0.2413684426921421,0.05764714910486161,0.6857834033467168,-0.04336571039451544,0.3723807085148195,1.3631008784511696,-0.3035084880812171,-0.03068251479724454,0.07818771946776881,-0.34282631678940984,fair,7,4
2,0.44283561904481744,11.335289403422781,1.3906837738493447,0.09993035407887621,0.6570112534250488,1.7092596723292164,-0.22166001572266927,0.2798649486618716,0.09632298386725129,-0.39361585403386723,fair,7,4
3,0.4257428883117129,-0.13108836698421802,-0.3550200823830685,0.0037588785734592677,0.08801425438893011,-0.5786577817989902,-0.7279278639962309,0.06710195761335669,-0.08364046856493902,-0.16189508883274772,fair,7,4
