cluster_id,age,capital-gain,education-num,final-weight,hours-per-week,income,marital-status,native-country,occupation,relationship,type,seed,k
0,-0.9474591658601431,-0.15260021500448467,-0.2598296586650059,-0.13161536528437945,-0.5060405317769023,-0.5641912646309373,1.0507116909420293,0.2284293164824663,-0.10977830090413994,0.6063970348848975,fair,3,9
1,-0.3717339065931825,-0.11011645618883124,-0.451482999318224,2.1619299972309536,-0.14515206871384312,-0.2707598065112844,0.06153899319434739,-0.26544334357282146,0.3344753662988113,0.07821383364518773,fair,3,9
2,-0.09726331543336902,-0.10563237760614666,-0.29547295726296263,-0.15588049860960562,-0.3245764059357266,-0.35937894529883735,-0.8070505155258022,0.22355076120549697,-0.1270569867165381,1.33463783949136,fair,3,9
3,-0.04069292761768315,0.1432190230276335,0.2326468770473017,-0.04060878914286071,0.30101830211106784,0.23434720339700668,0.31268249931950926,-4.083853607919137,0.14107233758025997,-0.16108544255321902,fair,3,9
4,0.05054559212019652,-0.13561944261154715,0.2908754047493574,-0.2671883711784294,0.670153629064109,-0.5489177735424959,-0.04146631393543449,0.18280839862705453,1.0212604129747147,-0.31122318854859815,fair,3,9
5,0.28046579180118897,0.03564891805098722,0.6987580689514125,-0.14223289116228044,0.3394669140176887,1.4104211982318406,-0.45252199483825556,0.24845092960872342,0.06374808667910525,-0.35001640188124566,fair,3,9
6,0.3529266031739818,-0.12283714653447574,-0.49261669127087665,-0.14667008537146065,0.09541329365986564,-0.5220181652861778,-0.6978910105613219,0.17883067116661125,-0.7543450189271546,-0.44727671822170906,fair,3,9
7,0.44283561904481744,11.335289403422781,1.3906837738493447,0.09993035407887621,0.6570112534250488,1.7092596723292164,-0.22166001572266927,0.2798649486618716,0.09632298386725129,-0.39361585403386723,fair,3,9
8,2.05434234225971,-0.12425027539135358,-0.49901360011329615,-0.47744871161546387,-1.1757104913395842,-0.5391624469763301,0.8396547727748992,0.2030788977654737,-0.1339124409861785,-0.1355070972903477,fair,3,9
