cluster_id,age,capital-gain,education-num,final-weight,hours-per-week,income,marital-status,native-country,occupation,relationship,type,seed,k
0,-0.7548866890510687,-0.1378535390696341,-0.18607795795453594,-0.19397558131974726,-0.18025864103224684,-0.5520369826763618,0.944322807971452,0.20136349564397144,-0.9701764514764147,0.34788849768409896,fair,2,9
1,-0.8046882297984604,-0.14960327471425353,-0.18003429293320788,-0.1374402348571809,-0.4692141468609164,-0.5406426458698822,1.0343718005032838,0.2055558671492285,0.8844890202318562,0.5126901771644978,fair,2,9
2,-0.37025461143926236,-0.10991042906729527,-0.36480659898168794,2.2454218243875537,-0.1865795511379464,-0.2857910102844006,-0.08226631614644879,-0.22677070370566602,0.20527793203805508,0.01204861382095922,fair,2,9
3,-0.22899476286707304,-0.10611467923180472,-0.23269052578537672,-0.049017663562128104,-0.3071642271829331,-0.43460216775803934,-0.9212288483047414,0.1970499671083795,-0.18867904756723858,1.2745992496418483,fair,2,9
4,-0.04069292761768315,0.1432190230276335,0.2326468770473017,-0.04060878914286071,0.30101830211106784,0.23434720339700668,0.31268249931950926,-4.083853607919137,0.14107233758025997,-0.16108544255321902,fair,2,9
5,0.14977691892196907,-0.1372609791635979,0.039880685495089815,-0.25559326554498796,0.5792668431965714,-0.5850486126764433,-0.7660234732732009,0.24323263752323918,0.21310309553058537,-0.3920860486951787,fair,2,9
6,0.2744207966905297,0.037332957914633425,0.6908942057294529,-0.14040876677002903,0.34367689913044674,1.402071952161095,-0.37523241363985577,0.2443549933915709,0.07666322595986252,-0.3626036914148477,fair,2,9
7,0.44283561904481744,11.335289403422781,1.3906837738493447,0.09993035407887621,0.6570112534250488,1.7092596723292164,-0.22166001572266927,0.2798649486618716,0.09632298386725129,-0.39361585403386723,fair,2,9
8,1.5092564461794526,-0.12312999782538714,-0.8402849459740136,-0.21716227237150182,-0.5900863742549504,-0.42817283250511606,-0.17630468288089285,0.11406510866964942,-0.5663116768830698,-0.36902129128110633,fair,2,9
