cluster_id,age,capital-gain,education-num,final-weight,hours-per-week,income,marital-status,native-country,occupation,relationship,type,seed,k
0,-1.1420340696584745,-0.15640025072531274,-0.5846879197517623,0.09190046145576031,-0.8170492354594628,-0.5698545180737568,0.9483048242463666,0.1406919041650891,-0.25996781415569387,0.7486320447460717,fair,4,8
1,-0.42489269544508135,-0.1293031171305711,0.3123712729007728,-0.1373739865627191,0.15874730428864386,-0.5230402806492632,1.1199231487914305,0.21705985724589894,0.48840895972768394,0.1472530253729783,fair,4,8
2,-0.197091801415856,-0.10937458606347908,-0.27178305311875356,0.22018560049828417,-0.26226759396803795,-0.43209472700939927,-0.9247810631023085,0.21250876366503135,-0.18873039928461416,1.1829403358049273,fair,4,8
3,0.00452916667449317,0.1295754721160935,0.14229181494893187,0.14044280677578386,0.2036640449335484,0.19710193903003168,0.37884716810999847,-4.0324617135221965,0.1497170990930003,-0.12607376127914416,fair,4,8
4,0.03082755381671264,-0.1383766639279909,-0.0834880773788938,-0.05015363248822711,0.49430496682449493,-0.5621055298263866,-0.6655328152870169,0.21217198274004714,0.11511771242671492,-0.4254434541052809,fair,4,8
5,0.245685728822021,0.034066881457968524,0.7033980489282193,-0.003691489666128666,0.32813554779348775,1.3867665398987021,-0.39170836076725124,0.2116972433638646,0.07650926400034683,-0.3554444461251463,fair,4,8
6,0.44283561904481744,11.335289403422781,1.3906837738493447,0.09993035407887621,0.6570112534250488,1.7092596723292164,-0.22166001572266927,0.2798649486618716,0.09632298386725129,-0.39361585403386723,fair,4,8
7,1.424386973360901,-0.11824820749917349,-0.888916416705858,-0.04752879569907924,-0.5918820511846552,-0.4575870412872399,-0.1909506757777165,0.08741870581375658,-0.5413553065431228,-0.33063886759119165,fair,4,8
