cluster_id,age,capital-gain,education-num,final-weight,hours-per-week,income,marital-status,native-country,occupation,relationship,type,seed,k
0,-0.8694591485310038,-0.1402593712832482,-0.18314127746953346,0.05312941329641606,-0.4630718010086137,-0.543833493784126,0.9758939091726034,0.1685457447149979,0.8939735147965845,0.45017713612944293,fair,0,8
1,-0.7683512110051787,-0.14546973828921164,-0.19518848671609873,-0.10813866171582161,-0.1713045862989573,-0.5544578355430344,0.9067239712146761,0.19634327926578968,-0.9812414535419983,0.3161832270108113,fair,0,8
2,-0.23623071561343142,-0.09858065339178415,-0.2367581199374457,0.17918794754896814,-0.2285736132239541,-0.4881060090846548,-0.8912101317055837,0.20871404901732205,-0.22464333132077244,1.266847788511043,fair,0,8
3,-0.003965144417954983,0.09608488823558461,0.11962111876209958,0.15924025701502556,0.19040669123768067,0.16193548011609718,0.4005254949760021,-4.0810564241568095,0.1345680710522064,-0.10768456317248877,fair,0,8
4,0.1536437329448097,-0.13926458370691822,-0.1541801243603131,0.0758795254513179,0.5201973323015078,-0.5732222813104347,-0.7368171080775886,0.15487408990484844,0.16777201640644945,-0.41024657289620736,fair,0,8
5,0.2573319039668259,0.03710459714136673,0.70852687903155,-0.010845846942368939,0.34044542902824815,1.38408212012369,-0.40707672335880946,0.2241767642156651,0.12037135702404533,-0.35447933792836445,fair,0,8
6,0.44283561904481744,11.335289403422781,1.3906837738493447,0.09993035407887621,0.6570112534250488,1.7092596723292164,-0.22166001572266927,0.2798649486618716,0.09632298386725129,-0.39361585403386723,fair,0,8
7,1.5712824942263104,-0.11967466942415549,-0.774216533433712,-0.2183051173990991,-0.7098296726726351,-0.4441700337725869,-0.044192356461836814,0.12388220445866259,-0.4889514581160468,-0.3117712684140338,fair,0,8
