cluster_id,age,capital-gain,education-num,final-weight,hours-per-week,income,marital-status,native-country,occupation,relationship,type,seed,k
0,-1.1562239598949695,-0.1517123195365797,-0.4794173279297597,-0.018639955996103342,-0.7436167517447128,-0.5701505069296532,0.9492033636330762,0.20638547411986405,-0.25455263047338517,0.6844796901036834,fair,4,9
1,-0.4852876593718308,-0.11533681383178972,-0.3067415988102216,2.0588575367588047,-0.10929387632648413,-0.32032073363732866,0.13126116795240356,-0.25121266381321505,0.3945085812048958,0.00660475803378686,fair,4,9
2,-0.2801181271062347,-0.13822242875348828,0.37759800640536356,-0.4997491308761719,0.19758111897065728,-0.5257130535814692,1.1745560090159604,0.2554773644388777,0.43252179215076064,0.18294931494993824,fair,4,9
3,-0.1670828834599195,-0.10260037862773369,-0.2263126279844791,-0.03704584852284367,-0.2585844610655545,-0.4029606535490099,-0.8726980225556684,0.19967901414182368,-0.22065160493322705,1.272852094910778,fair,4,9
4,-0.05662987319113349,0.13623860163103163,0.22649725792859465,-0.04837750903169662,0.29301083580244225,0.21529148674413576,0.32853708877946164,-4.024665199508292,0.1072501516343813,-0.1644652450456703,fair,4,9
5,0.1350885354656536,-0.13678042633000254,-0.09493652054865233,-0.21373085960350274,0.521666880585063,-0.5850486126764433,-0.7632551621135495,0.24654513374322193,0.06758104524573105,-0.3875861425659514,fair,4,9
6,0.28200300449192073,0.03413506400614156,0.672694143461143,-0.15773683445042203,0.3292374020094641,1.3976869422667197,-0.4068259617611254,0.24493951940425074,0.04024817643675273,-0.35665500159172714,fair,4,9
7,0.44283561904481744,11.335289403422781,1.3906837738493447,0.09993035407887621,0.6570112534250488,1.7092596723292164,-0.22166001572266927,0.2798649486618716,0.09632298386725129,-0.39361585403386723,fair,4,9
8,1.5216917788143658,-0.1197017761211202,-0.897021661827832,-0.16225346498601845,-0.7302156813248786,-0.4788306365187738,-0.07323153932206411,0.10024845533696425,-0.5149407574764162,-0.35163119640541685,fair,4,9
