cluster_id,age,capital-gain,education-num,final-weight,hours-per-week,income,marital-status,native-country,occupation,relationship,type,seed,k
0,-0.9972260866332101,-0.1476909124785551,-0.21600152501285388,-0.14464256441085824,-0.42630851555242105,-0.5753679870013139,0.9878992522863826,0.23467662201842182,-0.01866586174972045,0.48683552994270096,fair,8,9
1,-0.3308416794573459,-0.10515041852425683,-0.437970051737847,2.3159644962010724,-0.23146792561193116,-0.27218839199385325,-0.01395320736771587,-0.2987859133564379,0.07852494545866827,0.12825637627781478,fair,8,9
2,-0.26878261540700216,-0.12227184865654686,-0.17044932216535622,-0.10292720074972314,-0.2940473604301656,-0.46637749448649535,-0.9135732129651575,0.22063795840602934,-0.2236734722098239,1.27218390407319,fair,8,9
3,-0.050704573258352585,0.10842752166299102,0.21107407524399882,-0.025310282694842427,0.28948874231241434,0.1983737285450016,0.3338045331353061,-4.136072253082193,0.1249734847200922,-0.14265315383828958,fair,8,9
4,0.14567870218358067,-0.13437904252871902,0.16943626837360148,-0.09312357258450366,0.7855010683060885,-0.526718741023757,-0.4746216973031279,0.16170621735385524,1.0758787520087891,-0.36331792965662174,fair,8,9
5,0.24823737618572392,0.04290358055520665,0.6923215507663154,-0.15038561725314836,0.32401881101949287,1.4104211982318406,-0.36798098840156196,0.23656454402104574,0.048941315229947956,-0.3602750965053919,fair,8,9
6,0.44283561904481744,11.335289403422781,1.3906837738493447,0.09993035407887621,0.6570112534250488,1.7092596723292164,-0.22166001572266927,0.2798649486618716,0.09632298386725129,-0.39361585403386723,fair,8,9
7,0.6193757179161982,-0.1253606911515101,-0.5445448145859854,-0.19928416059449539,-0.05737387310065774,-0.4703331984261602,-0.7209938832276017,0.16984984650036586,-0.7442190433754288,-0.4081490047514077,fair,8,9
8,1.545242756824724,-0.11904570648222478,-0.27549672906554895,-0.5384340881863137,-0.7741759082211438,-0.5016192204944192,1.4728255272762896,0.2357772639366671,0.032250045596352445,0.23738712621134625,fair,8,9
