cluster_id,age,capital-gain,education-num,final-weight,hours-per-week,income,marital-status,native-country,occupation,relationship,type,seed,k
0,-0.782911046032193,-0.14623695128468192,-0.5653075179307663,0.3087730302185615,-0.8524471576636504,-0.5217573496418044,0.2739251944234654,0.1460816294957337,-0.574454397479124,0.9227869150983885,fair,8,6
1,-0.5183947813617688,-0.13585830840570393,0.06714790321299399,-0.1749274812888727,-0.0718989042653812,-0.5468101412596822,1.0718173827587423,0.18556628966629524,0.4095684598583122,0.2658258597745335,fair,8,6
2,-0.003965144417954983,0.09608488823558461,0.11962111876209958,0.15924025701502556,0.19040669123768067,0.16193548011609718,0.4005254949760021,-4.0810564241568095,0.1345680710522064,-0.10768456317248877,fair,8,6
3,0.276301558278315,0.037900596295386946,0.6695964492047564,-0.03417939627710863,0.3592660025176328,1.3752224507575115,-0.405068901187008,0.22567031705521853,0.07922050098268188,-0.3414969687019978,fair,8,6
4,0.44283561904481744,11.335289403422781,1.3906837738493447,0.09993035407887621,0.6570112534250488,1.7092596723292164,-0.22166001572266927,0.2798649486618716,0.09632298386725129,-0.39361585403386723,fair,8,6
5,0.5358315604194422,-0.1301328279524268,-0.40720090275432436,-0.004656299257351904,0.11284730832441757,-0.5624074124954663,-0.68060301979474,0.16088379292732155,-0.13861112312604443,-0.3325192533199962,fair,8,6
