cluster_id,age,capital-gain,education-num,final-weight,hours-per-week,income,marital-status,native-country,occupation,relationship,type,seed,k
0,-0.7565388998595993,-0.13959992999376863,-0.1944876214026104,-0.08642891163574437,-0.177338882334302,-0.555057654702513,0.9033856853194835,0.19798095905786972,-0.9631837731613371,0.3119543651157466,fair,5,8
1,-0.8264268159442467,-0.14035865536505177,-0.1867995580148556,0.06682510007886092,-0.4702997590692245,-0.5304222249382132,0.9944298460974613,0.15958604688179973,0.8990145160943448,0.4674733259804081,fair,5,8
2,-0.26040273342490283,-0.10937458606347908,-0.2309326177040043,0.25642699468316904,-0.2851445180524774,-0.4015039498759905,-0.9247810631023085,0.1451525786681911,-0.2263198564035415,1.1748017714031047,fair,5,8
3,-0.003965144417954983,0.09608488823558461,0.11962111876209958,0.15924025701502556,0.19040669123768067,0.16193548011609718,0.4005254949760021,-4.0810564241568095,0.1345680710522064,-0.10768456317248877,fair,5,8
4,0.12846975526610174,-0.14018158165732073,-0.012422950180026161,-0.08824982662980524,0.5566197985601189,-0.5850486126764433,-0.7359206927334292,0.21742803560300283,0.26130480057602634,-0.388717039185258,fair,5,8
5,0.2574208413352827,0.04100105686360798,0.7080121794344035,-0.004786354916875691,0.3547137298192995,1.3867665398987021,-0.3730607615717619,0.2230585275801991,0.11424968279445057,-0.37015269504410303,fair,5,8
6,0.44283561904481744,11.335289403422781,1.3906837738493447,0.09993035407887621,0.6570112534250488,1.7092596723292164,-0.22166001572266927,0.2798649486618716,0.09632298386725129,-0.39361585403386723,fair,5,8
7,1.4505953363057207,-0.12278330942510747,-0.8701052277318276,-0.06205976338589293,-0.5721225353636907,-0.44052525614065363,-0.21817801182339902,0.08893403056059214,-0.5363342176422536,-0.35928557674833844,fair,5,8
