cluster_id,age,capital-gain,education-num,final-weight,hours-per-week,income,marital-status,native-country,occupation,relationship,type,seed,k
0,-0.6331796655704787,-0.14302953070220709,-0.18639429575875685,-0.3131977449990583,-0.42186137389043693,-0.5680537364912162,1.089014613127916,0.2229863924423176,-0.047247859295318315,0.4712680931122103,fair,0,7
1,-0.4796284925927268,-0.12241805352446332,-0.37809196549463686,1.9507082771650905,-0.21192445403753898,-0.34097326320775606,0.17939089615418224,-0.1608164744557535,0.30126550273374325,0.05722103418260225,fair,0,7
2,-0.050704573258352585,0.10842752166299102,0.21107407524399882,-0.025310282694842427,0.28948874231241434,0.1983737285450016,0.3338045331353061,-4.136072253082193,0.1249734847200922,-0.14265315383828958,fair,0,7
3,-0.18067074277775655,-0.09121584176098572,-0.24754608703641112,-0.10745065913914426,-0.24468412314257343,-0.45579180788739204,-0.8912101317055837,0.18594576113106617,-0.16508257180134533,1.2410565632939994,fair,0,7
4,0.26768559969210914,0.03265787465436182,0.6708327026522907,-0.15793494982304046,0.36650041849449666,1.3750494103402031,-0.34918840853344174,0.2353144011049064,0.09169829672171398,-0.35928557674833844,fair,0,7
5,0.44283561904481744,11.335289403422781,1.3906837738493447,0.09993035407887621,0.6570112534250488,1.7092596723292164,-0.22166001572266927,0.2798649486618716,0.09632298386725129,-0.39361585403386723,fair,0,7
6,0.6078255003553199,-0.13492798208526433,-0.3244770083067903,-0.19285362637986686,0.15831490063377476,-0.5763250070300339,-0.6504231194407935,0.18843468993992496,-0.12521183945722528,-0.459595253108937,fair,0,7
