cluster_id,age,capital-gain,education-num,final-weight,hours-per-week,income,marital-status,native-country,occupation,relationship,type,seed,k
0,-0.929020605653477,-0.14448595989111715,-0.18807345223898936,0.016307198196148537,-0.36891443124402773,-0.5681786988161076,1.0285714063892029,0.18031646936507095,0.025497260435448896,0.49023480467773256,fair,4,7
1,-0.19124771538425167,-0.10169310371895551,-0.2513578354113789,0.14962503346681286,-0.2611782166306837,-0.4626855041428081,-0.8422343573302753,0.21250876366503135,-0.2075251278440778,1.2724645442249771,fair,4,7
2,-0.003965144417954983,0.09608488823558461,0.11962111876209958,0.15924025701502556,0.19040669123768067,0.16193548011609718,0.4005254949760021,-4.0810564241568095,0.1345680710522064,-0.10768456317248877,fair,4,7
3,0.07399291247425441,-0.1401515537596005,-0.15659485548999916,0.06329256325430574,0.46953135898305476,-0.5645637172746071,-0.6604197101861823,0.15447419355614667,0.149812445727332,-0.4344903404269499,fair,4,7
4,0.2501172178080601,0.034839495653028824,0.6998850857542505,-0.03421158774075152,0.33024346817224626,1.3789506974451333,-0.3967391008874352,0.22482682084344183,0.08626743843174058,-0.3539182983773947,fair,4,7
5,0.44283561904481744,11.335289403422781,1.3906837738493447,0.09993035407887621,0.6570112534250488,1.7092596723292164,-0.22166001572266927,0.2798649486618716,0.09632298386725129,-0.39361585403386723,fair,4,7
6,1.5020762122731013,-0.11566651220870441,-0.734949977606064,-0.23433963171436942,-0.6795169728195938,-0.47221377898764033,0.1444355909653581,0.13245428149665564,-0.4390186697732094,-0.27139443898307564,fair,4,7
