cluster_id,age,capital-gain,education-num,final-weight,hours-per-week,income,marital-status,native-country,occupation,relationship,type,seed,k
0,-1.0013279483804818,-0.14978069311279368,-0.23800288537194167,-0.2126090967906011,-0.5028838133561598,-0.5850486126764433,1.009312064686169,0.228376326476787,-0.10472639615585753,0.579825760373702,fair,0,9
1,-0.5210822294606519,-0.11736619349981203,-0.3773963739471296,2.0556191935774657,-0.24955376333574494,-0.33323428871240746,0.2488669928973147,-0.22530643881443035,0.3083366901782742,0.11043634890131832,fair,0,9
2,0.024399059181947878,-0.13670062056305177,0.2960379991462607,-0.2312410317614793,0.7332054169062839,-0.5483396801163527,-0.23138873461723033,0.22005265638467744,0.9364473504752767,-0.34548205885737304,fair,0,9
3,-0.18490836782454528,-0.11344934251352821,-0.24599188838656016,-0.08849068426022803,-0.26902542626416776,-0.4683888693710707,-0.933700304615812,0.19424267959809163,-0.13064725509237338,1.2971561209694897,fair,0,9
4,-0.050704573258352585,0.10842752166299102,0.21107407524399882,-0.025310282694842427,0.28948874231241434,0.1983737285450016,0.3338045331353061,-4.136072253082193,0.1249734847200922,-0.14265315383828958,fair,0,9
5,0.2608166895188078,0.041238224908694526,0.691074475367953,-0.14857993825175908,0.33627716682454273,1.4033519009951287,-0.4178926979709176,0.23692538072638594,0.0738084652803938,-0.3547396758644463,fair,0,9
6,0.44283561904481744,11.335289403422781,1.3906837738493447,0.09993035407887621,0.6570112534250488,1.7092596723292164,-0.22166001572266927,0.2798649486618716,0.09632298386725129,-0.39361585403386723,fair,0,9
7,0.5987564627643683,-0.12394371404118186,-0.5959510244745054,-0.1261530923662549,-0.03715303838444494,-0.46169870488044,-0.7280669376536328,0.16470760011888666,-0.7309987369962362,-0.42783907991710773,fair,0,9
8,1.6130576537386643,-0.11685954933545425,-0.2969217826047531,-0.5913487101324407,-0.788059755754907,-0.4968059863300717,1.4855430595248218,0.23323374366405913,-0.0075901788413218286,0.1983305540382636,fair,0,9
