cluster_id,age,capital-gain,education-num,final-weight,hours-per-week,income,marital-status,native-country,occupation,relationship,type,seed,k
0,-1.1293858591798458,-0.14368842505850973,-0.4849712629394761,0.31852584897020336,-0.6951135226767968,-0.5468101412596822,0.9170423094361803,0.13280394475210372,-0.15949415485878182,0.5752608604688335,fair,7,8
1,-0.2894144462246529,-0.13916609671213687,0.3511860869561722,-0.47506744298882686,0.1758695960935845,-0.51221342902547,1.1725440177781876,0.24458313747305052,0.42634946750069047,0.19739894181278023,fair,7,8
2,-0.23463805276958788,-0.1080714487768279,-0.24163487218766294,0.20843262194625384,-0.2615512910612845,-0.4593330902103797,-0.9031549569668271,0.21066338873361107,-0.24159593715050282,1.2404677225356193,fair,7,8
3,0.00452916667449317,0.1295754721160935,0.14229181494893187,0.14044280677578386,0.2036640449335484,0.19710193903003168,0.37884716810999847,-4.0324617135221965,0.1497170990930003,-0.12607376127914416,fair,7,8
4,0.06634161508569276,-0.14022392552941754,-0.07106600987897609,-0.09022622075373342,0.49845298053211307,-0.5850486126764433,-0.7080959604507214,0.21354501266498274,0.15776728877319016,-0.40345367913497154,fair,7,8
5,0.25465604882715825,0.03483133921940813,0.6882021791278533,0.008229824052070627,0.34723902628166997,1.388056512428424,-0.38925930940624365,0.21196991418505665,0.08316667387562673,-0.3723393213833879,fair,7,8
6,0.44283561904481744,11.335289403422781,1.3906837738493447,0.09993035407887621,0.6570112534250488,1.7092596723292164,-0.22166001572266927,0.2798649486618716,0.09632298386725129,-0.39361585403386723,fair,7,8
7,1.4158759433069374,-0.12099564373370984,-0.9080285847034728,-0.03227260274277872,-0.6041142024298044,-0.4565673487161263,-0.21281572581852287,0.08587913587097165,-0.5295414771628885,-0.31130008836971773,fair,7,8
