cluster_id,age,capital-gain,education-num,final-weight,hours-per-week,income,marital-status,native-country,occupation,relationship,type,seed,k
0,-1.0105200352654247,-0.15643683905438854,-0.53532509825974,0.07918951522887786,-0.8729442861726818,-0.556723819034398,0.9609907870462905,0.1563786095009978,-0.3024849138065531,0.733510723837608,fair,5,7
1,-0.2864643436008326,-0.12936382216993497,0.2644353349531654,-0.1611698183441971,0.13454863381706508,-0.5343456671514564,1.0115320641441532,0.19836768615188258,0.5155700366784917,0.034188715154286606,fair,5,7
2,-0.16079695132483968,-0.08939436070282376,-0.2535078583279447,0.1268473638138238,-0.18950865496264035,-0.4642955450445664,-0.9300759998212381,0.1921246550475665,-0.15406731437560336,1.2035009195569004,fair,5,7
3,-0.003965144417954983,0.09608488823558461,0.11962111876209958,0.15924025701502556,0.19040669123768067,0.16193548011609718,0.4005254949760021,-4.0810564241568095,0.1345680710522064,-0.10768456317248877,fair,5,7
4,0.26388879869724324,0.03178968117563366,0.6792364585644418,-0.01468044228118667,0.3509631767140206,1.3713382970183055,-0.4123435916599343,0.2289562041875156,0.08266402415833875,-0.3466365993887944,fair,5,7
5,0.44283561904481744,11.335289403422781,1.3906837738493447,0.09993035407887621,0.6570112534250488,1.7092596723292164,-0.22166001572266927,0.2798649486618716,0.09632298386725129,-0.39361585403386723,fair,5,7
6,0.5742205202132115,-0.1323400095546494,-0.48349829050865584,0.010781489310324733,0.10304492061111115,-0.5514323740683017,-0.6497009694169343,0.1414516893826504,-0.22122531459621433,-0.43833324085706876,fair,5,7
