cluster_id,age,capital-gain,education-num,final-weight,hours-per-week,income,marital-status,native-country,occupation,relationship,type,seed,k
0,-0.7075437759143565,-0.14074113464643775,-0.21042582963837342,-0.03463167885739291,-0.4116201827876736,-0.5483983205837011,1.0290440797478746,0.17592553219709894,0.01976298733908463,0.4287840357714923,fair,3,6
1,-0.18756810566064896,-0.09356378887093632,-0.22563719089098125,0.12085976345412189,-0.20065725344433596,-0.4434246444662173,-0.8590494270245784,0.13517388459458513,-0.20242038675385313,1.1931888983850003,fair,3,6
2,-0.003965144417954983,0.09608488823558461,0.11962111876209958,0.15924025701502556,0.19040669123768067,0.16193548011609718,0.4005254949760021,-4.0810564241568095,0.1345680710522064,-0.10768456317248877,fair,3,6
3,0.23455640789937712,0.031179598846172416,0.6727663275780055,-0.02482435194093819,0.3589768591952237,1.358983598282551,-0.34951401576829716,0.22587716679417524,0.11246349503472962,-0.37164971783483647,fair,3,6
4,0.44283561904481744,11.335289403422781,1.3906837738493447,0.09993035407887621,0.6570112534250488,1.7092596723292164,-0.22166001572266927,0.2798649486618716,0.09632298386725129,-0.39361585403386723,fair,3,6
5,0.5859560932881888,-0.13611254718675475,-0.36395705853800275,2.452830240665418e-05,0.13010833719451953,-0.5694410733226632,-0.600701011614658,0.1643972029530026,-0.08746900459689161,-0.42891064863360845,fair,3,6
