cluster_id,age,capital-gain,education-num,final-weight,hours-per-week,income,marital-status,native-country,occupation,relationship,type,seed,k
0,-0.6586513792312084,-0.13769946028399244,-0.21173783479827876,-0.03300575699220363,-0.41785824030136404,-0.5574063441823991,0.9897679462985888,0.18674299410298703,0.011407041580517892,0.4786358363206877,fair,7,5
1,-0.003965144417954983,0.09608488823558461,0.11962111876209958,0.15924025701502556,0.19040669123768067,0.16193548011609718,0.4005254949760021,-4.0810564241568095,0.1345680710522064,-0.10768456317248877,fair,7,5
2,0.2479418917781621,0.030661831261466394,0.6627087637430892,-0.013296852117952628,0.34539765339427636,1.3753864517500347,-0.3367512882626341,0.20823616984060492,0.07703734821854791,-0.347413449513925,fair,7,5
3,0.44283561904481744,11.335289403422781,1.3906837738493447,0.09993035407887621,0.6570112534250488,1.7092596723292164,-0.22166001572266927,0.2798649486618716,0.09632298386725129,-0.39361585403386723,fair,7,5
4,0.42655566509963405,-0.13137093137679165,-0.349107091582386,0.01992749759664158,0.09535942335197452,-0.5784934461478557,-0.7257845402590143,0.15920115439610347,-0.08826810019890963,-0.16689870284023522,fair,7,5
