cluster_id,age,capital-gain,education-num,final-weight,hours-per-week,income,marital-status,native-country,occupation,relationship,type,seed,k
0,-0.6968566487198493,-0.14950738161213598,-0.22452470626639656,-0.15928759615509042,-0.5559509079147773,-0.540062175715548,1.1057060426038783,0.20458450660657954,0.8502618501006382,0.5393554292843217,fair,7,9
1,-0.6228216226978968,-0.1417039768926938,-0.12494229879006036,-0.2560018305571661,-0.21333394167931422,-0.5695465296696482,0.9578276328117202,0.2034065765032962,-0.9608804976025793,0.3163481979108483,fair,7,9
2,-0.3541843229519663,-0.1085065882326997,-0.4433396391609187,2.2981775836572544,-0.2152455154661198,-0.2426145402875388,-0.033553849850898765,-0.2660217446707293,0.1278812967469477,0.04888604841064984,fair,7,9
3,-0.04069292761768315,0.1432190230276335,0.2326468770473017,-0.04060878914286071,0.30101830211106784,0.23434720339700668,0.31268249931950926,-4.083853607919137,0.14107233758025997,-0.16108544255321902,fair,7,9
4,-0.23443452063475145,-0.1199259597820726,-0.2330097584878051,-0.07266145959500304,-0.29533665856467317,-0.4683888693710707,-0.9730498995283279,0.19424267959809163,-0.1983401333785772,1.2454279573985831,fair,7,9
5,0.12204611404914535,-0.13379051936791392,0.17468556437614158,-0.07157107335462191,0.8802997759883442,-0.5251970921980348,-0.5600502381421839,0.24472259127221582,0.9134850951482798,-0.391341100008513,fair,7,9
6,0.2577104578941036,0.03894102087282029,0.6997895622503063,-0.14482379128138267,0.3124906824952931,1.415117584507978,-0.3879629028091829,0.2539587236630869,0.06118326700927971,-0.35337020589298573,fair,7,9
7,0.44283561904481744,11.335289403422781,1.3906837738493447,0.09993035407887621,0.6570112534250488,1.7092596723292164,-0.22166001572266927,0.2798649486618716,0.09632298386725129,-0.39361585403386723,fair,7,9
8,0.9178763264709404,-0.11940641681452141,-0.6117170335343454,-0.2531777233923913,-0.24639380990944731,-0.46705561516186644,-0.6152309164571843,0.15400510583920438,-0.6326439881176605,-0.39361585403386723,fair,7,9
