cluster_id,age,capital-gain,education-num,final-weight,hours-per-week,income,marital-status,native-country,occupation,relationship,type,seed,k
0,-0.9215872140664668,-0.14453157577805906,-0.18890380434459886,0.010822818749664813,-0.36772171445983654,-0.5682404933723726,1.0284463457287936,0.18068111580938154,0.030059517792219152,0.48731666638320376,fair,6,7
1,-0.20418819159708984,-0.10312806458407996,-0.2506283633504013,0.1789603375213951,-0.2661299318004758,-0.4360675552085433,-0.8447804407875296,0.2142582749636506,-0.21183733829278592,1.2235274621724588,fair,6,7
2,-0.003965144417954983,0.09608488823558461,0.11962111876209958,0.15924025701502556,0.19040669123768067,0.16193548011609718,0.4005254949760021,-4.0810564241568095,0.1345680710522064,-0.10768456317248877,fair,6,7
3,0.07138394549585961,-0.1401515537596005,-0.15830455563291554,0.05838978718682493,0.46953135898305476,-0.5645637172746071,-0.6500553079547607,0.15447419355614667,0.14771481977203468,-0.4344903404269499,fair,6,7
4,0.25977821834897613,0.036343641477964324,0.708627396835228,-0.040204802703505474,0.33637729341804956,1.3853573262107706,-0.40158061916486326,0.22439514925270904,0.09171643274973568,-0.3518971625623391,fair,6,7
5,0.44283561904481744,11.335289403422781,1.3906837738493447,0.09993035407887621,0.6570112534250488,1.7092596723292164,-0.22166001572266927,0.2798649486618716,0.09632298386725129,-0.39361585403386723,fair,6,7
6,1.5053967157001493,-0.11532541646641066,-0.7375961792633837,-0.224037245276522,-0.6847749416101704,-0.47128125970095597,0.13741084505517542,0.1312360115200836,-0.4531510019104568,-0.27110499674550914,fair,6,7
