cluster_id,age,capital-gain,education-num,final-weight,hours-per-week,income,marital-status,native-country,occupation,relationship,type,seed,k
0,-0.7506201156637283,-0.15021097597086838,-0.20401121389147356,-0.1390526761516872,-0.45423650807305094,-0.5578970353390982,1.0127464228220247,0.21171164904968412,0.8595112959342296,0.45928230464404274,fair,2,8
1,-0.5323226961280852,-0.14012942369872286,-0.1243170937314499,-0.22428285285655877,-0.29060602725384405,-0.5542525283139512,0.9632670796566769,0.21748136792654305,-0.9995106024437588,0.2916856019489491,fair,2,8
2,-0.3252152708726258,-0.11186995689891827,-0.42007864418167135,2.2204720648666085,-0.13408419393935347,-0.266394684203435,-0.06964878299515298,-0.22811294652263203,0.20400111623917846,-0.0012207846602734133,fair,2,8
3,-0.189577976518079,-0.09027693811433912,-0.25609940380773377,-0.14409058057477567,-0.24756099991375546,-0.45394528210469126,-0.9181478456741987,0.1846040584520547,-0.15203592923994705,1.2282837660436539,fair,2,8
4,-0.04069292761768315,0.1432190230276335,0.2326468770473017,-0.04060878914286071,0.30101830211106784,0.23434720339700668,0.31268249931950926,-4.083853607919137,0.14107233758025997,-0.16108544255321902,fair,2,8
5,0.29059717792152484,0.028784987497234675,0.6713513745192693,-0.17115786835378177,0.36390649954319015,1.3788792792884017,-0.3830683064733411,0.24591743142346412,0.08128720101968037,-0.36257304410120067,fair,2,8
6,0.44283561904481744,11.335289403422781,1.3906837738493447,0.09993035407887621,0.6570112534250488,1.7092596723292164,-0.22166001572266927,0.2798649486618716,0.09632298386725129,-0.39361585403386723,fair,2,8
7,0.7004846401477053,-0.1324460997116863,-0.357552017101588,-0.2036268752323892,0.16112501051587916,-0.5755286612863783,-0.6689205269541394,0.18008835926821198,-0.11326553481971377,-0.4431853556513705,fair,2,8
