cluster_id,age,capital-gain,education-num,final-weight,hours-per-week,income,marital-status,native-country,occupation,relationship,type,seed,k
0,-0.6881358494207784,-0.13929731140581914,-0.21289136742482478,0.0021114905813936543,-0.39964726372812265,-0.5504957770588881,1.0387178941867485,-0.05306125489178763,0.020606268661580676,0.40877165395564347,fair,1,5
1,-0.1859254227483263,-0.09582719273362598,-0.26886516487484285,0.13449128132135785,-0.21935390814297553,-0.4484826433308683,-0.857343352583192,0.09222986188495945,-0.18336047683905313,1.205030724895589,fair,1,5
2,0.24082434195957775,0.0602707574316326,0.7009771573509677,-0.036800503002643994,0.396184317444278,1.3696689153428194,-0.3298189761930517,-0.03965139460833815,0.10734877228209909,-0.3681172574680741,fair,1,5
3,0.44283561904481744,11.335289403422781,1.3906837738493447,0.09993035407887621,0.6570112534250488,1.7092596723292164,-0.22166001572266927,0.2798649486618716,0.09632298386725129,-0.39361585403386723,fair,1,5
4,0.5809021515414697,-0.13915278018721713,-0.368802837228783,-0.008346852169455417,0.12255495045235404,-0.5697532241097388,-0.599753409124928,0.06297803297204597,-0.07282957316792163,-0.44070326235869844,fair,1,5
