cluster_id,age,balance,duration,type,seed,k
0,-0.8867924723912659,-0.3302764583815457,-0.37788182162047523,fair,2,8
1,-0.4403286259877026,1.9683584367285936,-0.009416375986179894,fair,2,8
2,-0.4144887110988474,-0.24184723549485052,1.1956217158940374,fair,2,8
3,0.11153978528359455,-0.32661156984579187,-0.4160607288211548,fair,2,8
4,0.16068524877596424,5.349551983251778,-0.1761088777722817,fair,2,8
5,0.3802739055835279,-0.009884035402696183,3.852632923065191,fair,2,8
6,1.1473878120597714,1.2620355717915737,-0.24796092529133176,fair,2,8
7,1.2714787127848295,-0.3249560679476967,-0.15560316372310892,fair,2,8
