cluster_id,age,balance,duration,type,seed,k
0,-0.595641521580813,-0.34140112525142124,-0.4228211476010725,fair,5,6
1,-0.44209660367135567,-0.2709664941946588,1.0953947792965377,fair,5,6
2,-0.1133632243489349,1.8639817592449404,-0.0008569335774610994,fair,5,6
3,0.5328742753606296,-0.04384635155016231,3.6212904206136747,fair,5,6
4,0.4110426155793183,5.186860039989989,-0.1492507326230006,fair,5,6
5,1.0114110464144046,-0.2016649119042459,-0.29289097859050867,fair,5,6
