cluster_id,age,balance,duration,type,seed,k
0,-0.601695617353717,-0.34405871782393144,-0.4100264097812835,fair,0,6
1,-0.3767376564775103,-0.2585601269288112,1.1600177866246737,fair,0,6
2,-0.1133632243489349,1.8639817592449404,-0.0008569335774610994,fair,0,6
3,0.5291032954150175,-0.04277597140638659,3.761972162563523,fair,0,6
4,0.4110426155793183,5.186860039989989,-0.1492507326230006,fair,0,6
5,1.0141740104667705,-0.19910824768598284,-0.3032154813854474,fair,0,6
