cluster_id,age,balance,duration,type,seed,k
0,-0.6010621758296479,-0.3108203460070585,-0.4158884189265992,fair,1,5
1,-0.4046998020868533,-0.24810325558793433,1.1155841937192819,fair,1,5
2,-0.011017062948796015,2.569503574963598,0.016735007812993054,fair,1,5
3,0.49750379348863605,-0.03355497256923629,3.7150316891341153,fair,1,5
4,0.9988875070253036,-0.17933950696696296,-0.2899349321118405,fair,1,5
