cluster_id,age,balance,duration,type,seed,k
0,-0.8868329779981813,-0.3309988772239544,-0.37921237101149613,fair,3,8
1,-0.4403286259877026,1.9683584367285936,-0.009416375986179894,fair,3,8
2,-0.4195779580253252,-0.2419868918264247,1.1857963851381357,fair,3,8
3,0.11149290998447536,-0.3254411088341619,-0.4202739029055506,fair,3,8
4,0.16068524877596424,5.349551983251778,-0.1761088777722817,fair,3,8
5,0.3802739055835279,-0.009884035402696183,3.852632923065191,fair,3,8
6,1.1254338163869282,1.2324412060080019,-0.25952215989304195,fair,3,8
7,1.2714724968838205,-0.33550780282750214,-0.15490596443832572,fair,3,8
