cluster_id,age,balance,duration,type,seed,k
0,-0.5998734041654137,-0.3105102967506236,-0.41850705564227486,fair,9,5
1,-0.4098498423099697,-0.24952921685038887,1.1127990975473705,fair,9,5
2,-0.011017062948796015,2.569503574963598,0.016735007812993054,fair,9,5
3,0.49750379348863605,-0.03355497256923629,3.7150316891341153,fair,9,5
4,0.9988875070253036,-0.17933950696696296,-0.2899349321118405,fair,9,5
