cluster_id,age,balance,duration,type,seed,k
0,-0.936469093979911,-0.35401066058969927,-0.359090862303979,fair,3,9
1,-0.4983437020740414,1.9522028607818558,0.0007138667690129029,fair,3,9
2,-0.5096566419108775,-0.25124284624384524,1.203820050447679,fair,3,9
3,0.03684537482243345,-0.187908142881522,5.119568645965234,fair,3,9
4,-0.0065398125116981455,-0.29541575535304687,-0.39868310366999876,fair,3,9
5,0.16068524877596424,5.349551983251778,-0.1761088777722817,fair,3,9
6,0.8606594552484435,-0.01885788756563986,2.3959586339854786,fair,3,9
7,1.1026060021513684,1.4142508494607913,-0.25685784681489515,fair,3,9
8,1.1816519151723794,-0.30441030242735884,-0.2725574161260795,fair,3,9
