cluster_id,age,balance,duration,type,seed,k
0,-0.8321212286365626,-0.3387355028339532,-0.3808051229290557,fair,3,7
1,-0.37010159781677776,-0.251944739230591,1.1884437779513322,fair,3,7
2,-0.11490641970452901,1.899297405852811,-0.002135950877156791,fair,3,7
3,0.16068524877596424,5.349551983251778,-0.1761088777722817,fair,3,7
4,0.2266698008185511,-0.30520328790995965,-0.40347802337015515,fair,3,7
5,0.3802739055835279,-0.009884035402696183,3.852632923065191,fair,3,7
6,1.3521579650136053,-0.1341982765073536,-0.23382995697629447,fair,3,7
