cluster_id,age,balance,duration,type,seed,k
0,-0.6080081470692209,-0.3047759839417755,-0.3033371494776245,fair,2,4
1,-0.09857838849910583,-0.15556921815121608,2.1843048215724163,fair,2,4
2,-0.03277271648117305,2.562008974862705,0.0008287807081106717,fair,2,4
3,0.9866035761194194,-0.1882183979956599,-0.25470379295539175,fair,2,4
