cluster_id,age,balance,duration,type,seed,k
0,-0.8831438786680054,-0.3457280311078994,-0.37666447399962044,fair,2,7
1,-0.3517649863996512,-0.25207853536085223,1.2139193655414526,fair,2,7
2,-0.11490641970452901,1.899297405852811,-0.002135950877156791,fair,2,7
3,0.15136343192690313,-0.3072869119874462,-0.40135516568970725,fair,2,7
4,0.3802739055835279,-0.009884035402696183,3.852632923065191,fair,2,7
5,0.4110426155793183,5.186860039989989,-0.1492507326230006,fair,2,7
6,1.3230587375058225,-0.14664357343927178,-0.23877788312060438,fair,2,7
