cluster_id,age,balance,duration,type,seed,k
0,-0.8318217294116955,-0.33548043208957107,-0.3742280405604885,fair,6,7
1,-0.3607391934817567,-0.25158861102534347,1.205888584864476,fair,6,7
2,-0.13993195876390455,1.9243433974886848,0.0011582338131173229,fair,6,7
3,0.16068524877596424,5.349551983251778,-0.1761088777722817,fair,6,7
4,0.24923900132284854,-0.3021972128837304,-0.40062416241760984,fair,6,7
5,0.3802739055835279,-0.009884035402696183,3.852632923065191,fair,6,7
6,1.3767376835517715,-0.10927215917319091,-0.22224923191398396,fair,6,7
