cluster_id,age,balance,duration,type,seed,k
0,-0.8892785040156893,-0.3365602567607728,-0.3523790786775526,fair,1,7
1,-0.32409451456315913,-0.2525851237894055,1.2209818960658863,fair,1,7
2,-0.07618624532780406,1.9256412024543843,0.0008539134405446484,fair,1,7
3,0.11453740541531196,-0.3166483344848544,-0.43450040581261223,fair,1,7
4,0.16068524877596424,5.349551983251778,-0.1761088777722817,fair,1,7
5,0.3802739055835279,-0.009884035402696183,3.852632923065191,fair,1,7
6,1.2956206539690565,-0.1486360992651178,-0.23579846837531185,fair,1,7
