cluster_id,age,balance,duration,type,seed,k
0,-0.9412177691245605,-0.34744844577537554,-0.36319286860949873,fair,5,9
1,-0.5131375464760578,-0.24679844173381998,1.1813856426351679,fair,5,9
2,-0.4033331912744367,1.9979896331036278,-0.00019874375738662646,fair,5,9
3,0.03684537482243345,-0.187908142881522,5.119568645965234,fair,5,9
4,-0.013583114391076392,-0.3132952470359867,-0.4014021828201667,fair,5,9
5,0.16068524877596424,5.349551983251778,-0.1761088777722817,fair,5,9
6,0.8431720537424184,-0.0598968827882291,2.359932923191385,fair,5,9
7,1.0339906518017816,1.0192718337398932,-0.2914086316838266,fair,5,9
8,1.2075158894298328,-0.3740136446271429,-0.2710275529597705,fair,5,9
