cluster_id,age,balance,duration,type,seed,k
0,-0.8822912868228091,-0.3416483274008406,-0.3770838004743464,fair,4,7
1,-0.364478446432634,-0.24869572447281557,1.2092205045070514,fair,4,7
2,-0.0875682746088743,1.9021723127151724,0.003666447253779081,fair,4,7
3,0.14267108950492452,-0.3189837262539161,-0.41228931187862816,fair,4,7
4,0.16068524877596424,5.349551983251778,-0.1761088777722817,fair,4,7
5,0.3802739055835279,-0.009884035402696183,3.852632923065191,fair,4,7
6,1.310135935862521,-0.14841379277758618,-0.22546348954728676,fair,4,7
