cluster_id,age,balance,duration,type,seed,k
0,-0.8324361130955839,-0.3414957782881479,-0.3879995513070864,fair,7,8
1,-0.5106952989182296,1.9309141056315153,0.009532843490469867,fair,7,8
2,-0.4250543442368463,-0.2469893213450572,1.183504919573328,fair,7,8
3,0.16068524877596424,5.349551983251778,-0.1761088777722817,fair,7,8
4,0.22413317479680955,-0.2989558673755061,-0.4095598028957785,fair,7,8
5,0.3802739055835279,-0.009884035402696183,3.852632923065191,fair,7,8
6,1.050658829431203,1.5596134829724533,-0.15997323393030968,fair,7,8
7,1.3301153789720934,-0.27703515722126276,-0.1729443834146483,fair,7,8
