cluster_id,age,balance,duration,type,seed,k
0,-0.5986428432310001,-0.3421128898673895,-0.4172258684535036,fair,7,6
1,-0.4068419828055145,-0.2661734173542104,1.1270130512442318,fair,7,6
2,-0.1133632243489349,1.8639817592449404,-0.0008569335774610994,fair,7,6
3,0.49750379348863605,-0.03355497256923629,3.7150316891341153,fair,7,6
4,0.4110426155793183,5.186860039989989,-0.1492507326230006,fair,7,6
5,1.0114110464144046,-0.2016649119042459,-0.29289097859050867,fair,7,6
