cluster_id,age,balance,duration,type,seed,k
0,-0.8879793991894575,-0.34494046525999533,-0.37516877680543764,fair,8,7
1,-0.3591407342050458,-0.250554216071139,1.1936471986184352,fair,8,7
2,-0.0875682746088743,1.9021723127151724,0.003666447253779081,fair,8,7
3,0.11860838040565257,-0.3188379319207477,-0.42906814192994075,fair,8,7
4,0.16068524877596424,5.349551983251778,-0.1761088777722817,fair,8,7
5,0.3802739055835279,-0.009884035402696183,3.852632923065191,fair,8,7
6,1.2868758840734655,-0.1513702057123515,-0.2260544519049102,fair,8,7
