cluster_id,age,balance,duration,type,seed,k
0,-0.5971997651342442,-0.34156144448696657,-0.41874441428568815,fair,8,6
1,-0.4127502914612588,-0.26845048374351144,1.12048530450319,fair,8,6
2,-0.1133632243489349,1.8639817592449404,-0.0008569335774610994,fair,8,6
3,0.49750379348863605,-0.03355497256923629,3.7150316891341153,fair,8,6
4,0.4110426155793183,5.186860039989989,-0.1492507326230006,fair,8,6
5,1.0114110464144046,-0.2016649119042459,-0.29289097859050867,fair,8,6
