cluster_id,age,balance,duration,type,seed,k
0,-0.8868329779981813,-0.3309988772239544,-0.37921237101149613,fair,5,8
1,-0.4403286259877026,1.9683584367285936,-0.009416375986179894,fair,5,8
2,-0.4195779580253252,-0.2419868918264247,1.1857963851381357,fair,5,8
3,0.1104520026069757,-0.32646452184898694,-0.42187368160861616,fair,5,8
4,0.16068524877596424,5.349551983251778,-0.1761088777722817,fair,5,8
5,0.3802739055835279,-0.009884035402696183,3.852632923065191,fair,5,8
6,1.1473878120597714,1.2620355717915737,-0.24796092529133176,fair,5,8
7,1.2714787127848295,-0.3249560679476967,-0.15560316372310892,fair,5,8
