cluster_id,age,balance,duration,type,seed,k
0,-0.9336821300888496,-0.35248689271774747,-0.35615135512849927,fair,4,8
1,-0.5079161896282873,1.9666843518418913,0.005556464875395162,fair,4,8
2,-0.36093218718244713,-0.24667302610804448,1.2307259466996876,fair,4,8
3,0.011209832176340067,-0.2955770279920834,-0.4188932578876502,fair,4,8
4,0.16068524877596424,5.349551983251778,-0.1761088777722817,fair,4,8
5,0.3802739055835279,-0.009884035402696183,3.852632923065191,fair,4,8
6,1.0792397860325609,1.4368629101153407,-0.21600239909591457,fair,4,8
7,1.2178665665800434,-0.3041428074185419,-0.21471513669411513,fair,4,8
