cluster_id,age,balance,duration,type,seed,k
0,-0.9538480886595556,-0.34596126763955365,-0.3759401447789626,fair,2,9
1,-0.5174039649032921,-0.24975839221156584,1.1613286644528054,fair,2,9
2,-0.4033331912744367,1.9979896331036278,-0.00019874375738662646,fair,2,9
3,0.03684537482243345,-0.187908142881522,5.119568645965234,fair,2,9
4,-0.02901634464824464,-0.314231358468019,-0.3990839743287492,fair,2,9
5,0.16068524877596424,5.349551983251778,-0.1761088777722817,fair,2,9
6,0.8431720537424184,-0.0598968827882291,2.359932923191385,fair,2,9
7,1.0339906518017816,1.0192718337398932,-0.2914086316838266,fair,2,9
8,1.2057694669235788,-0.3751257955333713,-0.2705029404781445,fair,2,9
