cluster_id,age,balance,duration,type,seed,k
0,-0.8362054349312775,-0.3451123747554254,-0.3774311325888407,fair,8,8
1,-0.5106952989182296,1.9309141056315153,0.009532843490469867,fair,8,8
2,-0.3879209125703388,-0.2452283859569106,1.2008076260394462,fair,8,8
3,0.16068524877596424,5.349551983251778,-0.1761088777722817,fair,8,8
4,0.22109443116957625,-0.2959442966287441,-0.4121843981695636,fair,8,8
5,0.3802739055835279,-0.009884035402696183,3.852632923065191,fair,8,8
6,1.050658829431203,1.5596134829724533,-0.15997323393030968,fair,8,8
7,1.329078771384105,-0.27553021466070693,-0.18925043356888963,fair,8,8
