cluster_id,age,balance,duration,type,seed,k
0,-0.8953408677328574,-0.32735540648193745,-0.35910594209418306,fair,4,9
1,-0.6036410651707462,-0.2343851346171631,1.2258037818255518,fair,4,9
2,-0.4702340163988749,1.9682553261499864,0.004685672581343151,fair,4,9
3,0.06943619697681783,-0.3166135227497783,-0.4397162059672791,fair,4,9
4,0.3294992030801866,-0.025304299381615977,3.921900930243215,fair,4,9
5,0.16068524877596424,5.349551983251778,-0.1761088777722817,fair,4,9
6,0.9312317418824174,-0.25053017799975813,0.7910953155683623,fair,4,9
7,1.1299975318875737,1.4145661228133146,-0.24333286294672124,fair,4,9
8,1.2752255197820723,-0.3201920898973624,-0.4464049867211808,fair,4,9
