cluster_id,age,balance,duration,type,seed,k
0,-0.8868329779981813,-0.3459081074715951,-0.38336308355893806,fair,8,9
1,-0.5079161896282873,1.9666843518418913,0.005556464875395162,fair,8,9
2,-0.5235344587957411,-0.25669530772120974,1.144741439395115,fair,8,9
3,0.03684537482243345,-0.187908142881522,5.119568645965234,fair,8,9
4,0.1182371139200322,-0.305919435795068,-0.3849581419770797,fair,8,9
5,0.16068524877596424,5.349551983251778,-0.1761088777722817,fair,8,9
6,0.8146393881367127,-0.025545143066314623,2.3048471202816674,fair,8,9
7,1.0276889068644606,1.5591284838805124,-0.20326838115668044,fair,8,9
8,1.2736542781380675,-0.2518376634704815,-0.2934571319654229,fair,8,9
