cluster_id,age,balance,duration,type,seed,k
0,-0.8836710090583597,-0.3458767543674745,-0.37903084481940136,fair,0,9
1,-0.5272336419900088,-0.25266970532112876,1.1608197985510622,fair,0,9
2,-0.4403286259877026,1.9683584367285936,-0.009416375986179894,fair,0,9
3,0.03684537482243345,-0.187908142881522,5.119568645965234,fair,0,9
4,0.10183320627990382,-0.306992104759001,-0.3911774977391783,fair,0,9
5,0.16068524877596424,5.349551983251778,-0.1761088777722817,fair,0,9
6,0.8146393881367127,-0.025545143066314623,2.3048471202816674,fair,0,9
7,1.1425251551018816,1.2211015550342643,-0.2985212238741339,fair,0,9
8,1.2577519313894012,-0.33512396369537123,-0.2585626490042471,fair,0,9
