cluster_id,age,balance,duration,type,seed,k
0,-0.8868329779981813,-0.3459081074715951,-0.38336308355893806,fair,9,8
1,-0.4403286259877026,1.9683584367285936,-0.009416375986179894,fair,9,8
2,-0.4195779580253252,-0.2419868918264247,1.1857963851381357,fair,9,8
3,0.1033293183374676,-0.3079657278318311,-0.41217733291768494,fair,9,8
4,0.16068524877596424,5.349551983251778,-0.1761088777722817,fair,9,8
5,0.3802739055835279,-0.009884035402696183,3.852632923065191,fair,9,8
6,1.1254338163869282,1.2324412060080019,-0.25952215989304195,fair,9,8
7,1.2704032214378902,-0.3380830116736494,-0.1634180853748699,fair,9,8
