cluster_id,age,balance,duration,type,seed,k
0,-0.598700426433071,-0.3111806671586412,-0.42360489891480235,fair,0,5
1,-0.44979259613344175,-0.2522299987792151,1.0787075136744964,fair,0,5
2,-0.011017062948796015,2.569503574963598,0.016735007812993054,fair,0,5
3,0.5328742753606296,-0.04384635155016231,3.6212904206136747,fair,0,5
4,0.9991562300231834,-0.17829086803424854,-0.2845460223513902,fair,0,5
