cluster_id,age,balance,duration,type,seed,k
0,-0.5997059548135735,-0.3426646298182858,-0.41020319665874827,fair,3,6
1,-0.3831193148470075,-0.2630315351246966,1.1605848141649866,fair,3,6
2,-0.1133632243489349,1.8639817592449404,-0.0008569335774610994,fair,3,6
3,0.5291032954150175,-0.04277597140638659,3.761972162563523,fair,3,6
4,0.4110426155793183,5.186860039989989,-0.1492507326230006,fair,3,6
5,1.0141740104667705,-0.19910824768598284,-0.3032154813854474,fair,3,6
