cluster_id,age,balance,duration,type,seed,k
0,-0.8315099219995051,-0.3380358680439258,-0.3727438479526428,fair,9,7
1,-0.3487735840389493,-0.25055543725658347,1.214061755269768,fair,9,7
2,-0.11490641970452901,1.899297405852811,-0.002135950877156791,fair,9,7
3,0.16068524877596424,5.349551983251778,-0.1761088777722817,fair,9,7
4,0.22220015682435068,-0.30623576139776676,-0.4046127088315929,fair,9,7
5,0.3802739055835279,-0.009884035402696183,3.852632923065191,fair,9,7
6,1.3500068442148985,-0.1334505268221561,-0.23806901118015883,fair,9,7
