cluster_id,age,balance,duration,type,seed,k
0,-0.884118333014587,-0.33384754407912487,-0.36830452821713644,fair,6,9
1,-0.6347259172286199,-0.2721303130926604,1.2603773062098307,fair,6,9
2,-0.4335886392070839,1.9325395598442947,0.007997304014263244,fair,6,9
3,0.1740095904265629,-0.0016719703503589312,4.26601335793925,fair,6,9
4,0.11315251780912897,-0.3102278134243471,-0.37940596767882084,fair,6,9
5,0.16068524877596424,5.349551983251778,-0.1761088777722817,fair,6,9
6,0.9540637277474489,-0.1736364076311791,1.2847761188169031,fair,6,9
7,1.1449333280715033,1.2386859351013617,-0.3142792311879677,fair,6,9
8,1.295850924647452,-0.34876153145302297,-0.36337321741309764,fair,6,9
