cluster_id,age,balance,duration,type,seed,k
0,-0.6080081470692209,-0.3047759839417755,-0.3033371494776245,fair,6,4
1,-0.11544419990420574,-0.17315610884871563,2.188068834059407,fair,6,4
2,-0.01380374216530274,2.5520253618236715,0.02096382275549543,fair,6,4
3,0.9866035761194194,-0.1882183979956599,-0.25470379295539175,fair,6,4
