cluster_id,age,balance,duration,type,seed,k
0,-0.6081346589338833,-0.3001544043526391,-0.2605734535575275,fair,0,4
1,-0.03497218914598479,-0.13661845506369125,2.362336336627562,fair,0,4
2,-0.01638008451724245,2.5929855579627086,-0.0074884652235483965,fair,0,4
3,0.9902386979754622,-0.18476644166838282,-0.26018309389309024,fair,0,4
