cluster_id,age,balance,duration,type,seed,k
0,-0.5986428432310001,-0.3421128898673895,-0.4172258684535036,fair,6,6
1,-0.3931860833211942,-0.2688023515417535,1.1279086942514993,fair,6,6
2,-0.1133632243489349,1.8639817592449404,-0.0008569335774610994,fair,6,6
3,0.49750379348863605,-0.03355497256923629,3.7150316891341153,fair,6,6
4,0.4110426155793183,5.186860039989989,-0.1492507326230006,fair,6,6
5,1.009887123181637,-0.20023503820342645,-0.298084941963675,fair,6,6
