cluster_id,age,balance,duration,type,seed,k
0,-0.8868329779981813,-0.3342855715694817,-0.37967799581649764,fair,0,8
1,-0.4403286259877026,1.9683584367285936,-0.009416375986179894,fair,0,8
2,-0.4195779580253252,-0.2419868918264247,1.1857963851381357,fair,0,8
3,0.1033293183374676,-0.32016716398960543,-0.4160459690917412,fair,0,8
4,0.16068524877596424,5.349551983251778,-0.1761088777722817,fair,0,8
5,0.3802739055835279,-0.009884035402696183,3.852632923065191,fair,0,8
6,1.128108956006465,1.2167796427556228,-0.2679367504046989,fair,0,8
7,1.2703909301082108,-0.3421122062122903,-0.16024247996203297,fair,0,8
