cluster_id,age,balance,duration,type,seed,k
0,-0.8315099219995051,-0.3380358680439258,-0.3727438479526428,fair,0,7
1,-0.37284612902034525,-0.24933315883510104,1.2090164499357652,fair,0,7
2,-0.1382876361132016,1.9022078450230586,-0.0048460971912874734,fair,0,7
3,0.16068524877596424,5.349551983251778,-0.1761088777722817,fair,0,7
4,0.2461628869833719,-0.31001859843613266,-0.4084790524675909,fair,0,7
5,0.3802739055835279,-0.009884035402696183,3.852632923065191,fair,0,7
6,1.3638902273008058,-0.11312930518839528,-0.21172751093883202,fair,0,7
