cluster_id,age,balance,duration,type,seed,k
0,-0.8973150929419651,-0.3124174699272847,-0.36843309541240027,fair,4,6
1,-0.3825239099100739,-0.23056910921035043,1.1840473048743148,fair,4,6
2,-0.011017062948796015,2.569503574963598,0.016735007812993054,fair,4,6
3,0.09436139649082516,-0.28916682173915137,-0.43163810014425225,fair,4,6
4,0.3802739055835279,-0.009884035402696183,3.852632923065191,fair,4,6
5,1.2673794332399362,-0.14922330385934873,-0.2176561609600843,fair,4,6
