cluster_id,age,balance,duration,type,seed,k
0,-0.9294885415172763,-0.3549254515620156,-0.3775346317141147,fair,9,9
1,-0.5079161896282873,1.9666843518418913,0.005556464875395162,fair,9,9
2,-0.5250280700349924,-0.24172848191788862,1.1598125288677714,fair,9,9
3,0.03684537482243345,-0.187908142881522,5.119568645965234,fair,9,9
4,0.02401110439326137,-0.29791771489679647,-0.3902857232600189,fair,9,9
5,0.16068524877596424,5.349551983251778,-0.1761088777722817,fair,9,9
6,0.8431720537424184,-0.0598968827882291,2.359932923191385,fair,9,9
7,1.0736089110006515,1.4151146349576358,-0.25974452363434114,fair,9,9
8,1.2102693542354037,-0.29992008845400264,-0.27452717439520063,fair,9,9
