cluster_id,age,balance,duration,type,seed,k
0,-0.5984596269533103,-0.30989648662232583,-0.42000067675090724,fair,2,5
1,-0.4156100596409162,-0.25187637610637503,1.1065127593343285,fair,2,5
2,-0.011017062948796015,2.569503574963598,0.016735007812993054,fair,2,5
3,0.49750379348863605,-0.03355497256923629,3.7150316891341153,fair,2,5
4,0.9988875070253036,-0.17933950696696296,-0.2899349321118405,fair,2,5
