cluster_id,age,balance,duration,type,seed,k
0,-0.5971997651342442,-0.34156144448696657,-0.41874441428568815,fair,9,6
1,-0.43488165495515196,-0.26941474682482985,1.1049621125914317,fair,9,6
2,-0.1133632243489349,1.8639817592449404,-0.0008569335774610994,fair,9,6
3,0.5328742753606296,-0.04384635155016231,3.6212904206136747,fair,9,6
4,0.4110426155793183,5.186860039989989,-0.1492507326230006,fair,9,6
5,1.0114110464144046,-0.2016649119042459,-0.29289097859050867,fair,9,6
