cluster_id,age,balance,duration,type,seed,k
0,-0.9298776168178683,-0.35212082664707367,-0.3768412249710956,fair,5,7
1,-0.3816790100066696,-0.24975889360905565,1.1997373486012597,fair,5,7
2,-0.07618624532780406,1.9256412024543843,0.0008539134405446484,fair,5,7
3,0.05511713332179062,-0.3047302548554996,-0.40805025013480695,fair,5,7
4,0.16068524877596424,5.349551983251778,-0.1761088777722817,fair,5,7
5,0.3802739055835279,-0.009884035402696183,3.852632923065191,fair,5,7
6,1.2683225354620293,-0.16097478943868976,-0.23166225995022086,fair,5,7
