cluster_id,age,balance,duration,type,seed,k
0,-0.8988580047619131,-0.3305460573887194,-0.3551645189608552,fair,6,8
1,-0.4403286259877026,1.9683584367285936,-0.009416375986179894,fair,6,8
2,-0.3933551288984413,-0.24137835995155224,1.2152045476699234,fair,6,8
3,0.0781647588997149,-0.3301417423451437,-0.43198491604305594,fair,6,8
4,0.16068524877596424,5.349551983251778,-0.1761088777722817,fair,6,8
5,0.3802739055835279,-0.009884035402696183,3.852632923065191,fair,6,8
6,1.0962311984095505,1.1973734575199066,-0.2760142766983844,fair,6,8
7,1.2633725808613254,-0.3432986280132951,-0.16648662424314933,fair,6,8
