cluster_id,age,balance,duration,type,seed,k
0,-0.8971973501676201,-0.33591074870894055,-0.3525146765043636,fair,1,8
1,-0.4403286259877026,1.9683584367285936,-0.009416375986179894,fair,1,8
2,-0.3900647444932272,-0.24005738645676256,1.2259328569471406,fair,1,8
3,0.07510925084791752,-0.32465395594092605,-0.4275158248997207,fair,1,8
4,0.16068524877596424,5.349551983251778,-0.1761088777722817,fair,1,8
5,0.3802739055835279,-0.009884035402696183,3.852632923065191,fair,1,8
6,1.0962311984095505,1.1973734575199066,-0.2760142766983844,fair,1,8
7,1.2633725808613254,-0.3432986280132951,-0.16648662424314933,fair,1,8
