cluster_id,Dalc,Fedu,Fjob,Medu,Mjob,Pstatus,Walc,absences,activities,address,age,failures,famrel,famsize,famsup,freetime,goout,health,higher,internet,nursery,paid,romantic,school,schoolsup,studytime,traveltime,type,seed,k
0,-0.33965673500272725,0.5090433075359075,0.1878261257977696,0.610727500546101,0.4423393000451852,0.037563044762212526,-0.33885166020535895,-0.23453616524139057,0.18086288989500962,0.38579479033212094,-0.2577158777722015,-0.3582463446120209,0.12572359601661315,-0.06185703975193484,0.1377044862191603,-0.10342367239052162,-0.1754197859668572,-0.0545542655947593,0.32003944428033854,0.3189675187455886,0.1814421789197286,-0.21103670156053425,-0.0943266430669662,-0.42536958031054783,0.11359529690715515,0.25993989387319444,-0.4156554582164871,fair,5,4
1,1.1094776535472923,-0.011545208440889894,-0.02169289942693023,-0.03828404266082285,0.1315034531250701,-0.16089489954416186,1.0566711764451562,0.9224413179544452,-0.11183224916997622,0.16991179745000987,0.35663703997101187,0.12014736566439076,-0.2870672299981966,0.2496727212610003,0.023827007992231985,0.2813687421128184,0.730053511919484,0.008720383696351227,-0.2673322560245019,0.35997475312002153,-0.2255954425924113,-0.2061276583013444,0.0395023471667262,-0.2583904069184995,-0.14125416148019543,-0.2827670479630153,0.134756648210629,fair,5,4
2,0.2247600651374438,0.23760670624092764,-0.06516787772345048,0.4644328291627332,0.08819009592737602,0.1660800646569369,0.20779108359714396,-0.16563722375038292,0.3091317830457743,-0.19474484479523285,-0.03262488027715332,0.262650193546759,0.09706320178790194,-0.2649788667151336,0.43347739456964274,-0.2114349490458638,0.052002875166125805,0.11052517032042168,0.11415404195182263,0.04503488035651991,0.1391271414685727,4.080080737378785,-0.023199791193156842,0.018490223567582724,0.2329359504692595,0.145109303392948,-0.12759756485897913,fair,5,4
3,-0.20856275689326145,-0.6505723176421631,-0.21002523449269342,-0.791687804927125,-0.6252192666392576,0.01772018680872375,-0.17893878856990886,-0.1844490727372921,-0.20377528647703727,-0.5381605343335424,0.12940395248848738,0.3396328914173752,-0.013464253664160361,-0.02213804683553546,-0.24038214702779936,0.004627347758230762,-0.18326277629049548,0.047314570540106377,-0.26479445218906894,-0.5905117101820508,-0.12048685642016155,-0.18240950907623696,0.09769952153097164,0.6580071609030931,-0.09515072513649768,-0.18695966770482753,0.455030097834103,fair,5,4
