cluster_id,Dalc,Fedu,Fjob,Medu,Mjob,Pstatus,Walc,absences,activities,address,age,failures,famrel,famsize,famsup,freetime,goout,health,higher,internet,nursery,paid,romantic,school,schoolsup,studytime,traveltime,type,seed,k
0,-0.3797863986392502,0.5956495985728438,0.22355056788677372,0.6629739791290414,0.4873300217765949,0.05544679274596803,-0.4330630576438455,-0.2558737400137921,0.18355646845931328,0.40559286582836945,-0.2062384338584545,-0.3556647125639967,0.1510872473099253,-0.08785395580929563,0.1605570447945298,-0.08785447935912094,-0.21357867403258665,-0.051680542338982456,0.3315235321549246,0.3367380826657974,0.19341006829985352,-0.03913252600211857,-0.08153582320689717,-0.48578860100285626,0.10321544825127932,0.30736788809597193,-0.41098456161137237,fair,0,4
1,1.0412081073550363,0.25047370652966,0.10315832029640996,0.20922488799308903,0.2247937609354882,-0.21506826639404802,1.133479363459606,0.689389724877194,0.0143282253167013,0.15031412761725207,0.0630776360269536,0.016316308917386384,-0.24022205539013583,0.2693319906516302,0.22700304513529565,0.2728668916183988,0.6692758638071381,0.12124146364927121,0.31636262612506566,0.35997475312002153,-0.18040857377069644,0.10559658865721047,0.039502347166726216,-0.20166364359939976,-0.14125416148019543,-0.17295460215213565,0.0858653472725323,fair,0,4
2,0.24750292116187483,-0.5891668697983016,-0.2713953388736106,-0.5968229340842853,-0.40882050161400296,-0.14974155931036176,0.19802136385848393,0.3306636156983675,0.02333968778003542,-0.20388493450714926,0.8204431872280269,1.359139807519401,-0.2241018041279502,-0.07701807890682083,-0.3461272200677315,0.3496336004944821,0.2752266636375724,-0.05857163470686564,-2.465200999765631,-0.24802298078701118,-0.16645380545810806,-0.054276692411607194,0.2729677559535248,0.3800637527905843,-0.25026776446989407,-0.5437330956547529,0.3198965010276864,fair,0,4
3,-0.2351244235249984,-0.6596541660464984,-0.23492564048074022,-0.7146683801490005,-0.5775028862341074,0.111825234097502,-0.20654787247718331,-0.21000290202985017,-0.23988987364893463,-0.5079612875020114,-0.07974040057471038,-0.06354772946771549,0.03685482473901537,-0.022970304235367618,-0.20394402312078147,-0.177731184585843,-0.22983347530747258,0.012964599870013983,0.29439726608627936,-0.5309375368347626,-0.07017639640824999,0.005311617102780654,-0.021641014629226935,0.5724078741128075,0.04660342822215226,-0.07805353056189117,0.3350179900794382,fair,0,4
