cluster_id,Dalc,Fedu,Fjob,Medu,Mjob,Pstatus,Walc,absences,activities,address,age,failures,famrel,famsize,famsup,freetime,goout,health,higher,internet,nursery,paid,romantic,school,schoolsup,studytime,traveltime,type,seed,k
0,-0.3444761266494307,0.47331575488682476,0.1772287073822762,0.5691262114749559,0.4304464483601702,0.03392086201215961,-0.3304954234395889,-0.2342383338659025,0.18492214164181858,0.3921192230922017,-0.24701257853367836,-0.3588446961201415,0.12906205952017732,-0.05035797466984439,0.1056657474288786,-0.09061991644302009,-0.16206301429110762,-0.04350093802538857,0.32062808872538945,0.3243377441060913,0.18873338537285086,-0.21182262050539494,-0.11774558508998213,-0.41627989815666067,0.12791897840339364,0.25628535430016064,-0.41310798749377375,fair,3,4
1,1.2145291593206822,0.029863137942848793,0.06956739689465415,-0.01455968433086264,0.15836286042872896,-0.13458212135993144,1.0935790065689828,0.8819393173629796,-0.04334513444863699,0.1626326629406998,0.3015812103668515,0.1176045642746682,-0.25949549865745225,0.21821789023599236,-0.0009763004382199331,0.35254137625181725,0.7969089248430644,0.004791076142439735,-0.2715015051827131,0.39405520311955017,-0.24302466342364415,-0.1627089239035457,0.10513947923707187,-0.2713565242485795,-0.12958026383720406,-0.29312079285375536,0.13405820105437047,fair,3,4
2,0.10877149941284556,0.172686841147778,-0.1889043544135466,0.4327813414869449,0.002844841804108909,0.1660800646569369,0.12474846581853405,-0.15036642869042138,0.23768375922933963,-0.19474484479523285,0.056894608288205126,0.262650193546759,0.09706320178790194,-0.34291382751370225,0.43347739456964274,-0.2451387135058846,-0.008232115373788358,0.06096231367449264,0.11415404195182265,0.04503488035651991,0.0495603121969594,4.080080737378785,-0.023199791193156842,0.09345058938210744,0.23293595046925955,0.145109303392948,-0.17605233632441425,fair,3,4
3,-0.19810324049941685,-0.6330094555879777,-0.23234163608575423,-0.7659996410163403,-0.6213711714452939,0.003195443522884694,-0.15647315284236224,-0.1328087029693062,-0.24243315443568794,-0.5486694297511082,0.1495854797012896,0.35554075518399697,-0.04360810515108645,-0.0010541927064540693,-0.19085966103113697,-0.031844358710584,-0.19955823266844328,0.04396249327902905,-0.2804442425075719,-0.6133554900730394,-0.12048685642016156,-0.20330406910787924,0.09769952153097167,0.6478675945127226,-0.12645030577350347,-0.1928481611758457,0.4746929036461636,fair,3,4
