cluster_id,Dalc,Fedu,Fjob,Medu,Mjob,Pstatus,Walc,absences,activities,address,age,failures,famrel,famsize,famsup,freetime,goout,health,higher,internet,nursery,paid,romantic,school,schoolsup,studytime,traveltime,type,seed,k
0,-0.38611304767877375,0.39641068393032447,0.19055417410274808,0.5009537764809505,0.36917293257936307,0.09174051316924967,-0.41396390079655065,-0.29508657879713396,0.18492214164181858,0.3837525255866782,-0.23737201822663975,-0.3588446961201415,0.16906063168552155,-0.05035797466984439,0.09778024388941005,-0.07610137175254961,-0.17179328199370913,-0.07285739926951577,0.34554737023254406,0.2970569992747378,0.1694420682989649,-0.1951873361725105,-0.10977184343603301,-0.44049786249673784,0.12791897840339364,0.3219194084502018,-0.39745336902032546,fair,8,4
1,0.9866084585853515,0.060939532380881074,-0.02527469671407524,0.04051044504602799,0.1772662901216056,-0.3092055923954896,0.9719646810789967,1.0044561551063431,-0.18983310459031083,0.24974820652280172,0.26088163960926775,0.11516250228426525,-0.30357823416333285,0.22179523269887746,0.02655217093453835,0.09300397255202882,0.5254893991643035,0.08127495984085702,-0.26517928309854033,0.37725940757674964,-0.28374575738756885,-0.209640943871574,0.03506267709799364,-0.3698290485207748,-0.13312070820434077,-0.32804217930963214,0.03206487882220868,fair,8,4
2,0.2634229203789765,0.20514677369435283,-0.10641336995348251,0.4327813414869449,0.05974167788628698,0.1660800646569369,0.23547195619001388,-0.15036642869042138,0.23768375922933963,-0.19474484479523285,0.02705477876641896,0.262650193546759,0.05992167049151087,-0.34291382751370225,0.43347739456964274,-0.177731184585843,0.0520028751661258,0.1353065986433862,0.11415404195182263,0.04503488035651991,0.04956031219695939,4.080080737378785,-0.023199791193156842,0.09345058938210744,0.2329359504692595,0.145109303392948,-0.17605233632441425,fair,8,4
3,-0.14396148063970016,-0.6118184759778619,-0.22884735741526183,-0.7753059670647211,-0.6278116676120332,0.04852793177816131,-0.09232785083081461,-0.21900463385466962,-0.16618559644882303,-0.6568004326002717,0.1533243731638719,0.3783978436486693,-0.0452475076003754,-0.022970304235367618,-0.21473471217479104,0.07061234301431009,-0.10999754675964335,0.027572599723550962,-0.3194039836688975,-0.6553760220304101,-0.056977074199801726,-0.19956504257590116,0.1311190886359036,0.8264840613999334,-0.12389691893206355,-0.25126821482252615,0.5492390849792567,fair,8,4
