cluster_id,Dalc,Fedu,Fjob,Medu,Mjob,Pstatus,Walc,absences,activities,address,age,failures,famrel,famsize,famsup,freetime,goout,health,higher,internet,nursery,paid,romantic,school,schoolsup,studytime,traveltime,type,seed,k
0,-0.27582216588450664,0.5656228667115785,0.2018424140814937,0.6393489452657736,0.4640086711017627,-0.026072460241061655,-0.22636154970155337,-0.11580620829156103,0.13615235696387973,0.3981583430961886,-0.22108696146738158,-0.35941605432714396,0.0384186786883371,0.009844416100871835,0.18297925581584845,-0.08903706758578835,-0.08590355054367768,-0.09294339906812912,0.3333687740072429,0.3383541668891175,0.16741140334381904,-0.19631303210481094,-0.101138619389652,-0.44705310096472867,0.04416770897709203,0.2711252773920872,-0.3698714221861547,fair,4,4
1,0.37941148610357484,0.23760670624092764,-0.10641336995348251,0.4644328291627332,0.05974167788628698,0.1660800646569369,0.2631528287828839,-0.11218944104051752,0.23768375922933963,-0.19474484479523285,0.0568946082882051,0.4390570399587614,0.022780139195119807,-0.34291382751370225,0.5066999274361365,-0.2114349490458638,0.052002875166125805,0.11052517032042168,0.11415404195182263,0.04503488035651991,0.13912714146857272,4.080080737378785,-0.023199791193156842,0.018490223567582724,0.2329359504692595,0.145109303392948,-0.12759756485897913,fair,4,4
2,1.0202974594293213,-0.274049857628811,-0.13437641553316526,-0.38586561094107036,-0.06851729158709749,0.07508061368330847,0.9340621136609186,0.550796008893237,0.09115476123292263,-0.16972578566854632,0.3901903312518842,0.480916291649745,-0.008695734784872608,-0.007397216618169233,-0.15602604799958628,0.5740341379461459,0.8488403347661768,0.050041684244033706,-0.7251370131680823,0.19101658998676493,-0.11894677338183857,-0.24509318917116377,0.13241366578221825,0.2649700704831386,-0.12591980440677458,-0.48722293223971247,0.3232781899634595,fair,4,4
3,-0.30664854094830424,-0.6636743995735433,-0.1853940997556715,-0.7315893434372661,-0.6224150696096139,-0.03497063723884132,-0.3051884914749782,-0.16514985795059695,-0.2852549682781827,-0.42781713244910197,0.05943416824750606,0.14129229211438862,-0.05229316874439405,0.04178640451327513,-0.2364308848472146,-0.20282973258798617,-0.41898348703426685,0.08363468426784317,-0.03354382716353148,-0.6053358652176923,-0.18293230846552624,-0.17607445630068586,0.06344496994018088,0.4634677142538039,-0.01815042702684246,-0.09941530998410501,0.3394239558610657,fair,4,4
