cluster_id,Dalc,Fedu,Fjob,Medu,Mjob,Pstatus,Walc,absences,activities,address,age,failures,famrel,famsize,famsup,freetime,goout,health,higher,internet,nursery,paid,romantic,school,schoolsup,studytime,traveltime,type,seed,k
0,-0.37805143105394345,0.6232583303687442,0.22004031322889867,0.6665982887429809,0.5071687122686915,0.02260297284949517,-0.39011576440884727,-0.22860488508273505,0.1638034622617071,0.4284342505629846,-0.2098861654363595,-0.34914376315869594,0.12804081937978554,-0.06964400752212523,0.16270981558673622,-0.0934000632986421,-0.20546966950342216,-0.05145046331393365,0.33176223578177766,0.3403966222692284,0.18791247826332383,-0.042638239417761896,-0.07550171973182615,-0.48103289500920754,0.10936206664274657,0.29349128469220526,-0.4111095255609931,fair,9,4
1,1.1512232505513689,0.1684397471697215,0.10636711332668274,0.20086763739518787,0.16396391968167856,-0.12494808602694767,1.1266925737828832,0.6248761765965988,0.0513847064743369,0.07027504615075542,0.08896545310133976,0.0005129171027555378,-0.1847958955267667,0.24269092465498215,0.2055979231253212,0.3249903862383921,0.7238763444127384,0.08829136546991147,0.3152716076537581,0.30861519646185326,-0.22918505366703348,0.15912867312322398,0.050150115343170855,-0.14263953472532087,-0.1336170321810422,-0.16043393076061477,0.1047136291762378,fair,9,4
2,0.2247600651374438,-0.5803835939327578,-0.28789353576562343,-0.6053874542789104,-0.41819174520400876,-0.13458212135993142,0.16350168744855198,0.29859494607244824,-0.005239521746538473,-0.2102829973054908,0.8148262781415732,1.3093308155913062,-0.20006904858322655,-0.09352195295828243,-0.3426814538151906,0.2941215178544479,0.22668434773187687,-0.04807597094655126,-2.4774512347922575,-0.29272672231738034,-0.18331344390923526,-0.0597285923190231,0.2433510012388566,0.3782999794773014,-0.2529900389202555,-0.5427087946896263,0.327877286916111,fair,9,4
3,-0.2663404578241531,-0.6588399415346918,-0.2283947193146411,-0.7221612407253292,-0.5715710884297952,0.09297071851301755,-0.21448946212812764,-0.18107047407693982,-0.2320489930957313,-0.49724292026089284,-0.09166964933090035,-0.05137901531432317,0.019619157808192907,-0.01625026842182922,-0.1928089503735588,-0.17773118458584303,-0.23956011095792681,0.03196276989230011,0.32831595216908604,-0.4921497962365448,-0.036195162637564005,-0.01503074626957073,-0.024775150486490254,0.5416178828689466,0.03354382716353147,-0.0734808812925994,0.332207287770469,fair,9,4
