cluster_id,Dalc,Fedu,Fjob,Medu,Mjob,Pstatus,Walc,absences,activities,address,age,failures,famrel,famsize,famsup,freetime,goout,health,higher,internet,nursery,paid,romantic,school,schoolsup,studytime,traveltime,type,seed,k
0,-0.20642419406180623,0.5967173354550788,0.24378999158329503,0.6601072678424206,0.48615067989993377,-0.04388848266764188,-0.18323983035417896,-0.008103928986839044,0.14604967663948837,0.3929901061039291,-0.18215681408892923,-0.3535714917511773,0.0352066738296001,0.0024336567684311414,0.19747763250551617,-0.06897703012005106,-0.05536767488550557,-0.09620168899828607,0.3214618193334355,0.34073323511378206,0.14312268775578224,-0.1968570487263688,-0.0776990238465425,-0.47362875795082116,0.051864219602747015,0.2511092220424436,-0.38428176314241796,fair,6,4
1,0.34074863086204205,0.20514677369435283,-0.06516787772345048,0.4011298538111566,0.03129325984519794,0.1660800646569369,0.2631528287828839,-0.12746023610047905,0.23768375922933963,-0.19474484479523285,0.027054778766418968,0.43905703995876133,0.09706320178790194,-0.2649788667151336,0.43347739456964274,-0.2451387135058846,0.052002875166125805,0.1353065986433862,0.11415404195182263,0.04503488035651991,0.1391271414685727,4.080080737378785,-0.023199791193156842,0.018490223567582724,0.2329359504692595,0.145109303392948,-0.07914279339354402,fair,6,4
2,0.898027027102066,-0.32876315129586053,-0.1618814457111118,-0.4458202991685571,-0.13253038887417684,0.1475663832519573,0.8606778716496631,0.34172177763833966,0.09232398663728275,-0.2777935909707494,0.3933644101373109,0.5951872373578898,-0.019484361935256222,-0.05267328385006712,-0.1725021877737535,0.6032663918670522,0.8007861196364381,0.07548935786381666,-0.8273774317421474,0.1440339707954217,-0.12957334634626727,-0.24509318917116377,0.14786249896915066,0.3907072124397054,-0.12213312223736476,-0.5183904769486012,0.4588722552916321,fair,6,4
3,-0.3111443240927856,-0.6851580072221298,-0.2405163607334797,-0.7330766644533203,-0.6218033104777712,-0.05327240871671417,-0.3097080104385426,-0.18123466683301748,-0.30295235681480553,-0.36383650446568694,0.013969933735475316,0.07366531887008627,-0.05309186591301595,0.06884949478033985,-0.24197110379774575,-0.2382898201931531,-0.424884309295601,0.07129895222631741,0.03372320591841679,-0.5862361364056626,-0.146337191397104,-0.17570537216768864,0.02352182720698813,0.4361838127586776,-0.03372320591841678,-0.061380459349637546,0.2799925715855633,fair,6,4
