cluster_id,Dalc,Fedu,Fjob,Medu,Mjob,Pstatus,Walc,absences,activities,address,age,failures,famrel,famsize,famsup,freetime,goout,health,higher,internet,nursery,paid,romantic,school,schoolsup,studytime,traveltime,type,seed,k
0,-0.3536362492758862,0.4926119363268194,0.18593467897298452,0.6135746390910475,0.4325297478967177,0.06815009549715692,-0.35911318710483286,-0.2521310069700052,0.17538108246140852,0.3901112156908761,-0.26179477100447085,-0.35783148756639055,0.13866171683985992,-0.04364357804719848,0.14351616441832765,-0.10978439543444114,-0.16893907013427933,-0.07146963928342975,0.33258934384882366,0.3247014873705093,0.18641842732398456,-0.21049179775876417,-0.11678873609150824,-0.420477678642274,0.12094157958139035,0.2868520709471798,-0.3993319232371393,fair,7,4
1,1.0705527921911515,0.03193138143254205,0.004547954275984188,-0.0064180627222232885,0.14433166427394994,-0.3109503316150855,1.0063720097277287,1.033998597021995,-0.14484769571705872,0.23633575803360474,0.35397255706704944,0.14036226166823232,-0.2894716725886989,0.2143556266919925,0.01941369101486858,0.14797245072692414,0.5949173695457947,0.06315536042873729,-0.3424894289030524,0.3633677182748418,-0.2793798130040984,-0.20681731371496953,0.09867446493357498,-0.3596284358508163,-0.14486997048466177,-0.319112052151749,0.08294484920764598,fair,7,4
2,0.2247600651374438,0.23760670624092764,-0.06516787772345048,0.4644328291627332,0.08819009592737602,0.1660800646569369,0.20779108359714396,-0.16563722375038292,0.3091317830457743,-0.19474484479523285,-0.03262488027715332,0.262650193546759,0.09706320178790194,-0.2649788667151336,0.43347739456964274,-0.2114349490458638,0.052002875166125805,0.11052517032042168,0.11415404195182263,0.04503488035651991,0.1391271414685727,4.080080737378785,-0.023199791193156842,0.018490223567582724,0.2329359504692595,0.145109303392948,-0.12759756485897913,fair,7,4
3,-0.1859171532175931,-0.6383455404704693,-0.21613822009653422,-0.7926915689076899,-0.6072308025028818,0.06435225735799648,-0.14239182135763206,-0.23526912658360474,-0.1728859852851968,-0.5683296120873197,0.1261401456952208,0.31695086556831636,-0.02235837252393919,-0.028190827925223892,-0.240239977211541,0.07964301674522475,-0.12654055373089249,0.03653659963367593,-0.22795379746799996,-0.5908942615199382,-0.09057534891221553,-0.18300935290489656,0.08945724229086799,0.6949268260852556,-0.09754686528095746,-0.19003070018492793,0.44991839552570445,fair,7,4
