cluster_id,Dalc,Fedu,Fjob,Medu,Mjob,Pstatus,Walc,absences,activities,address,age,failures,famrel,famsize,famsup,freetime,goout,health,higher,internet,nursery,paid,romantic,school,schoolsup,studytime,traveltime,type,seed,k
0,-0.07395021371494626,0.5773243564543955,0.23089565554417668,0.6209559394498505,0.49075469642662223,-0.05162053969969966,-0.057262751230473925,0.04438850556744444,0.11240503253750883,0.38421097476506305,-0.11723919138687565,-0.32778915996921226,0.015148317695861368,-0.0044839292514245,0.16064823101229633,-0.04199273593863605,0.017347127184257394,-0.054797509039629294,0.3344531695615506,0.3654457157697746,0.11090745553368084,-0.2006564707477054,-0.032328242988773744,-0.46515816408503563,0.02056125191024122,0.18506405679292418,-0.35327732236922493,fair,2,4
1,0.34074863086204205,0.23760670624092764,-0.10641336995348252,0.4644328291627332,0.002844841804108909,0.1660800646569369,0.20779108359714393,-0.11218944104051752,0.23768375922933963,-0.19474484479523285,0.08673443780999124,0.4390570399587614,0.09706320178790194,-0.34291382751370225,0.5066999274361365,-0.2788424779659054,0.052002875166125805,0.08574374199745717,0.11415404195182263,0.04503488035651991,0.13912714146857272,4.080080737378785,0.05084209559351356,0.018490223567582724,0.2329359504692595,0.145109303392948,-0.12759756485897913,fair,2,4
2,0.40240021084178346,-0.49054853737142645,-0.20896972901194052,-0.6211276535555186,-0.3815932398322294,-0.10672153269427567,0.30953699366823356,0.3407753583732069,0.023339687780035416,-0.13385208495773548,0.8835385342295778,1.4180355750019455,-0.0575258744186987,-0.12385339716096865,-0.30864287096914483,0.4854131539788902,0.3425960052032793,0.13061822031201453,-2.1059711347956394,-0.11928157499835047,-0.21429872538698255,-0.18664489286643474,0.2729677559535248,0.37505845014478134,-0.17043890558767377,-0.5572981624902145,0.36087891504932623,fair,2,4
3,-0.08604424690128552,-0.6744228548249707,-0.23775823841416707,-0.7201932387029346,-0.5589423649490474,0.08893373398686664,-0.058267788897431436,-0.1700850281367795,-0.2000220954130906,-0.4700567703410653,-0.1629930675082578,-0.10443589785426852,-0.014000794710044165,0.09745653350345289,-0.1857150920975031,-0.07694711221995564,-0.15472595158979321,0.019098541556086555,0.2669185693604542,-0.4812829568198004,-0.09913801601125302,-0.20310120930174677,-0.05914245468183179,0.5221074385544866,0.00041935360465108606,-0.08185291773912913,0.3884692729816259,fair,2,4
