cluster_id,Dalc,Fedu,Fjob,Medu,Mjob,Pstatus,Walc,absences,activities,address,age,failures,famrel,famsize,famsup,freetime,goout,health,higher,internet,nursery,paid,romantic,school,schoolsup,studytime,traveltime,type,seed,k
0,-0.3502259871725305,0.4173847941911882,0.168556578246731,0.5204316150506663,0.40404048084510813,0.039427495455692,-0.3259529212705025,-0.18952231345955356,0.1515797305274824,0.37299534307957655,-0.2254360864179253,-0.3540198934832321,0.12753830439006897,-0.055153972257448614,0.10866974877724758,-0.08439768300424702,-0.155730617849732,-0.04451761200786916,0.3099483966508946,0.30918177475533937,0.14831348293232793,-0.21340693329900295,-0.13331336641435898,-0.423583728671922,0.09350663727446584,0.26677787316088153,-0.4096291833885631,fair,1,4
1,1.3294130720383797,0.07066991028711428,0.08213745166952105,0.025833642798238587,0.1572791111700208,-0.14071808433986752,1.1489407517547228,0.8509614188127718,-0.017487754400784417,0.1715116072322758,0.2828247460960145,0.13664530325247162,-0.28496397726069184,0.21376446390464557,-0.03723888814353111,0.33264010580875736,0.8221502542121712,0.03264068130539034,-0.2825202351008427,0.38279648303042013,-0.21914017561788057,-0.15682433352728725,0.16719363197256706,-0.2813512396905161,-0.08109785219743386,-0.3337513978037809,0.1423647333055879,fair,1,4
2,0.10877149941284556,0.172686841147778,-0.1889043544135466,0.4327813414869449,0.002844841804108909,0.1660800646569369,0.12474846581853405,-0.15036642869042138,0.23768375922933963,-0.19474484479523285,0.056894608288205126,0.262650193546759,0.09706320178790194,-0.34291382751370225,0.43347739456964274,-0.2451387135058846,-0.008232115373788358,0.06096231367449264,0.11415404195182265,0.04503488035651991,0.0495603121969594,4.080080737378785,-0.023199791193156842,0.09345058938210744,0.23293595046925955,0.145109303392948,-0.17605233632441425,fair,1,4
3,-0.18764372410557223,-0.6254076197734795,-0.24266713533030473,-0.7797383356452426,-0.6258510434621473,-0.008077491564632175,-0.13484578710464945,-0.13653914162120248,-0.23046075503058347,-0.5630995548020941,0.16036904200305557,0.3776218198152779,-0.04780724864180251,0.01845623947269587,-0.18982486281628133,-0.013404372790716837,-0.18818789556890506,0.03605759466335416,-0.2991305593057843,-0.6128440621650321,-0.1015001610521795,-0.2020566326880797,0.10278192662296892,0.6994734473353545,-0.11991009489412914,-0.21982976558782458,0.5114750677523069,fair,1,4
