0,1,2,cluster_id,type,seed,k
-0.6110311119959196,-0.32657957259855214,-0.4296901540077233,0,unfair,7,6
-0.5331527477258446,-0.2615808051928482,1.136743269826569,1,unfair,7,6
-0.23482522285083554,1.9075143330411424,-0.009503982122054475,2,unfair,7,6
0.2412081589717299,-0.049063975190072606,3.816626300965299,3,unfair,7,6
0.4110426155793183,5.18686003998999,-0.14925073262300056,4,unfair,7,6
1.1886030380743764,-0.1974245302284382,-0.25630181576883665,5,unfair,7,6
