0,1,2,cluster_id,type,seed,k
-0.6140915661248216,-0.327460129729412,-0.4223029184418435,0,unfair,0,6
-0.5200313691891296,-0.25647452310599544,1.1598967026186693,1,unfair,0,6
-0.23482522285083554,1.9075143330411426,-0.009503982122054472,2,unfair,0,6
0.2412081589717299,-0.0490639751900726,3.8166263009652996,3,unfair,0,6
0.4110426155793183,5.18686003998999,-0.14925073262300056,4,unfair,0,6
1.1886030380743764,-0.1974245302284382,-0.25630181576883665,5,unfair,0,6
