0,1,2,cluster_id,type,seed,k
-0.8793784339411019,-0.3365494289705211,-0.38480254666204383,0,unfair,7,8
-0.6625486808891824,1.8769822397297409,-0.011010397463143516,1,unfair,7,8
-0.5113970941934676,-0.2586322063997726,1.2015455804734012,2,unfair,7,8
0.1606852487759642,5.3495519832517795,-0.17610887777228174,3,unfair,7,8
0.19596715053072977,-0.3051977783709265,-0.41161595128622114,4,unfair,7,8
0.2412081589717299,-0.04906397519007261,3.8166263009652996,5,unfair,7,8
1.2592095360834308,1.5980781273664395,-0.18343183630785906,6,unfair,7,8
1.4458077104377456,-0.2829956445440772,-0.20413498606332836,7,unfair,7,8
