0,1,2,cluster_id,type,seed,k
-0.8751846678171389,-0.331272760207721,-0.3735411787662754,0,unfair,0,7
-0.4991689165183729,-0.24831026676197898,1.2336585098784434,1,unfair,0,7
-0.32015703615464497,1.924575942128994,-0.061625319202757524,2,unfair,0,7
0.1606852487759642,5.349551983251779,-0.17610887777228174,3,unfair,0,7
0.23293157666015293,-0.32265883704174725,-0.4120662902151686,4,unfair,0,7
0.2412081589717299,-0.04906397519007261,3.8166263009652996,5,unfair,0,7
1.4956005963446386,-0.0789241438572162,-0.17985938207264462,6,unfair,0,7
