0,1,2,cluster_id,type,seed,k
-0.6293205527414168,-0.2885496226167393,-0.32604805570127093,0,unfair,3,4
-0.2643992632483123,-0.16288150108700436,2.1965423638757864,1,unfair,3,4
-0.1222816910143814,2.6230147334366984,-0.022927990032365918,2,unfair,3,4
1.1488700653773616,-0.18942063656294417,-0.2264740450183559,3,unfair,3,4
