0,1,2,cluster_id,type,seed,k
-0.9619882328503024,-0.3330347092388193,-0.3841440333409362,0,unfair,9,9
-0.6673579354536954,1.8934267769391284,-0.0028008629118510793,1,unfair,9,9
-0.6262669448444181,-0.26136491934259387,1.2509091102727579,2,unfair,9,9
-0.37868760764596776,-0.15561898824244227,5.215972532810971,3,unfair,9,9
-0.02186825013923062,-0.31826024615230014,-0.3948687132157268,4,unfair,9,9
0.19908039116387352,5.206696976350181,-0.11826672774161509,5,unfair,9,9
1.0661597325730214,-0.03761499069654653,2.2855159828959146,6,unfair,9,9
1.244284145869358,1.495953011740285,-0.25325662830581785,7,unfair,9,9
1.2990342029847086,-0.28960783913737775,-0.2901443845300869,8,unfair,9,9
