0,1,2,cluster_id,type,seed,k
-0.912762370581028,-0.3333622535847045,-0.3940935914469024,0,unfair,8,9
-0.6625486808891824,1.876982239729741,-0.011010397463143516,1,unfair,8,9
-0.6171745820577834,-0.26930932249366096,1.2122902306499015,2,unfair,8,9
-0.37868760764596776,-0.1556189882424423,5.215972532810971,3,unfair,8,9
0.10584447682051618,-0.31464216445263804,-0.3880207231953398,4,unfair,8,9
0.1606852487759642,5.3495519832517795,-0.17610887777228174,5,unfair,8,9
1.0661597325730214,-0.03761499069654653,2.285515982895914,6,unfair,8,9
1.232495617327396,1.5777798669048482,-0.24014400940128416,7,unfair,8,9
1.3816829339036292,-0.2808659201459097,-0.2962733231214667,8,unfair,8,9
