0,1,2,cluster_id,type,seed,k
-0.9644110143634659,-0.3272383471094055,-0.3840300322883183,0,unfair,5,7
-0.5075944253407496,-0.25718074456853407,1.2144590106462438,1,unfair,5,7
-0.2455174131413117,1.9345069422739454,-0.0070980173950761,2,unfair,5,7
0.024061820266199473,-0.32042826358607185,-0.41351597652371064,3,unfair,5,7
0.1606852487759642,5.3495519832517795,-0.17610887777228174,4,unfair,5,7
0.2412081589717299,-0.049063975190072606,3.8166263009652996,5,unfair,5,7
1.3815519598236412,-0.1433662196797854,-0.2262176202262385,6,unfair,5,7
