0,1,2,cluster_id,type,seed,k
-0.6125584818327584,-0.2925613707084796,-0.4287792548182413,0,unfair,2,5
-0.5362050334453123,-0.2544242924823454,1.1256713124592788,1,unfair,2,5
-0.10136701232443238,2.611843588506723,-0.0015659251740397884,2,unfair,2,5
0.2412081589717299,-0.049063975190072606,3.8166263009652996,3,unfair,2,5
1.1800646797015635,-0.1813554399616282,-0.25180223948488534,4,unfair,2,5
