0,1,2,cluster_id,type,seed,k
-0.6138882655041455,-0.29319037983178353,-0.42696092008353026,0,unfair,1,5
-0.5310916858122509,-0.2519904036086153,1.1311519635699456,1,unfair,1,5
-0.10136701232443238,2.6118435885067224,-0.0015659251740397858,2,unfair,1,5
0.2883951187905428,-0.034828754339503526,3.7593066268494635,3,unfair,1,5
1.1781351993182116,-0.18334131338051257,-0.2593502089738834,4,unfair,1,5
