0,1,2,cluster_id,type,seed,k
-0.6138882655041455,-0.29319037983178353,-0.42696092008353026,0,unfair,9,5
-0.5310916858122509,-0.2519904036086153,1.1311519635699459,1,unfair,9,5
-0.10136701232443238,2.6118435885067224,-0.0015659251740397858,2,unfair,9,5
0.2412081589717299,-0.04906397519007261,3.8166263009652996,3,unfair,9,5
1.1800646797015635,-0.18135543996162823,-0.25180223948488534,4,unfair,9,5
