0,1,2,cluster_id,type,seed,k
-0.9152896805966072,-0.3335074828605658,-0.3818575862144604,0,unfair,2,8
-0.6625486808891824,1.876982239729741,-0.011010397463143516,1,unfair,2,8
-0.5011591395899959,-0.2547824595003191,1.2128967919127287,2,unfair,2,8
0.09598291651131217,-0.3324131718632606,-0.4251634658981224,3,unfair,2,8
0.19908039116387352,5.206696976350181,-0.11826672774161509,4,unfair,2,8
0.2412081589717299,-0.049063975190072606,3.816626300965299,5,unfair,2,8
1.2356200522696221,1.3051238339687554,-0.24301583187115028,6,unfair,2,8
1.3796989986592259,-0.3313153307520722,-0.19439723514207424,7,unfair,2,8
