0,1,2,cluster_id,type,seed,k
-0.6138882655041455,-0.29319037983178353,-0.42696092008353026,0,unfair,3,5
-0.5310916858122509,-0.2519904036086153,1.1311519635699459,1,unfair,3,5
-0.1013670123244324,2.6118435885067224,-0.0015659251740397831,2,unfair,3,5
0.2412081589717299,-0.0490639751900726,3.8166263009652996,3,unfair,3,5
1.1800646797015635,-0.18135543996162823,-0.25180223948488534,4,unfair,3,5
