0,1,2,cluster_id,type,seed,k
-0.6096617700125565,-0.3260104505621497,-0.43155991615421274,0,unfair,2,6
-0.5491068936495876,-0.25974512910086567,1.1234880805725003,1,unfair,2,6
-0.23482522285083554,1.9075143330411426,-0.009503982122054467,2,unfair,2,6
0.3066154786239086,-0.0586351786574017,3.710431568347287,3,unfair,2,6
0.41104261557931826,5.18686003998999,-0.14925073262300056,4,unfair,2,6
1.1866763674062277,-0.19949263852383742,-0.2639685916079715,5,unfair,2,6
