0,1,2,cluster_id,type,seed,k
-0.913530069045486,-0.3326639766560618,-0.37044766614694835,0,unfair,6,9
-0.7201577954009221,-0.28167149187152457,1.37326020824448,1,unfair,6,9
-0.6551852289243779,1.9106508860582045,0.025890010160298377,2,unfair,6,9
-0.10347859046139837,-0.17462049807133517,4.792372583721834,3,unfair,6,9
0.08686509588510866,-0.31565193829816257,-0.3872746673049639,4,unfair,6,9
0.1606852487759642,5.3495519832517795,-0.17610887777228174,5,unfair,6,9
0.9605034011930322,-0.12402351232938934,1.4864339405336768,6,unfair,6,9
1.2070705279850291,1.295184784171987,-0.28567079834356335,7,unfair,6,9
1.3937442280845604,-0.34167878217165376,-0.34895737077939454,8,unfair,6,9
