0,1,2,cluster_id,type,seed,k
-0.9144038693208721,-0.3304802949326431,-0.379491382657204,0,unfair,2,7
-0.5007773853505445,-0.25110586072311153,1.2197824436087226,1,unfair,2,7
-0.2467876337880448,1.921600255251329,-0.013252931247992192,2,unfair,2,7
0.1328178756896511,-0.3183524462814779,-0.4009563463710981,3,unfair,2,7
0.2412081589717299,-0.04906397519007261,3.8166263009652996,4,unfair,2,7
0.41104261557931826,5.186860039989989,-0.14925073262300056,5,unfair,2,7
1.4260875222748253,-0.14894697884314492,-0.23204832549930793,6,unfair,2,7
