0,1,2,cluster_id,type,seed,k
-0.9398536982163651,-0.3215842803439202,-0.3440703716308311,0,unfair,1,7
-0.4564111238496899,-0.25132133666929146,1.269748487884702,1,unfair,1,7
-0.23168154877719158,1.945770756365376,-0.011037769671722182,2,unfair,1,7
0.058636118118572354,-0.321142385187597,-0.4357813860594997,3,unfair,1,7
0.1606852487759642,5.349551983251779,-0.17610887777228174,4,unfair,1,7
0.2036387185706573,-0.04863462214502373,3.8713274739095898,5,unfair,1,7
1.3927497092482355,-0.1402455426627432,-0.22145804241080128,6,unfair,1,7
