0,1,2,cluster_id,type,seed,k
-0.6072607301684786,-0.3277780743032616,-0.43677193057849845,0,unfair,5,6
-0.5918930122632625,-0.2494679284450481,1.1031082270943697,1,unfair,5,6
-0.23482522285083554,1.9075143330411426,-0.00950398212205447,2,unfair,5,6
0.30661547862390853,-0.058635178657401685,3.710431568347287,3,unfair,5,6
0.41104261557931826,5.186860039989989,-0.14925073262300056,4,unfair,5,6
1.1839804241967318,-0.20274740835548058,-0.24879760510717164,5,unfair,5,6
