0,1,2,cluster_id,type,seed,k
-0.6125584818327584,-0.2925613707084796,-0.4287792548182413,0,unfair,5,5
-0.5362050334453123,-0.25442429248234544,1.1256713124592788,1,unfair,5,5
-0.1013670123244324,2.611843588506723,-0.0015659251740397884,2,unfair,5,5
0.2883951187905428,-0.034828754339503526,3.759306626849463,3,unfair,5,5
1.1781351993182116,-0.18334131338051257,-0.25935020897388333,4,unfair,5,5
