0,1,2,cluster_id,type,seed,k
-1.0004148610426875,-0.34118845733010594,-0.3344453332961611,0,unfair,3,9
-0.6654940616751042,1.8761487274327204,0.006318213411694699,1,unfair,3,9
-0.5880276874123644,-0.26154817318246154,1.3279635844651838,2,unfair,3,9
-0.37868760764596776,-0.15561898824244233,5.215972532810971,3,unfair,3,9
-0.078864922368019,-0.30794236649361284,-0.4188601840516472,4,unfair,3,9
0.1606852487759642,5.3495519832517795,-0.17610887777228174,5,unfair,3,9
1.1257883529630113,-0.03996040624558528,2.309369110183275,6,unfair,3,9
1.2321493257879659,1.5371447645155993,-0.23354689828442074,7,unfair,3,9
1.2833463237883016,-0.2945822713341222,-0.2860199333663531,8,unfair,3,9
