0,1,2,cluster_id,type,seed,k
-1.0020958596162315,-0.33611733408760197,-0.36297093436084865,0,unfair,2,9
-0.6419310153877298,-0.2829315991235338,1.2537291821883714,1,unfair,2,9
-0.5125001977528557,1.976353969565855,-0.023066731680451993,2,unfair,2,9
-0.37868760764596776,-0.15561898824244227,5.215972532810971,3,unfair,2,9
-0.08464898800488756,-0.31695593164005187,-0.42741851222972227,4,unfair,2,9
0.1606852487759642,5.3495519832517795,-0.17610887777228174,5,unfair,2,9
1.0661597325730214,-0.03761499069654653,2.2855159828959146,6,unfair,2,9
1.2200722088736484,0.9956125332022683,-0.2185846877045503,7,unfair,2,9
1.287656131014939,-0.3706396170944218,-0.2833411739163916,8,unfair,2,9
