0,1,2,cluster_id,type,seed,k
-0.9918887587676507,-0.34466862160382367,-0.34116013311565646,0,unfair,7,9
-0.6858049166780233,-0.24174346485464368,1.2866995020076237,1,unfair,7,9
-0.6673579354536954,1.8934267769391284,-0.0028008629118510793,2,unfair,7,9
-0.08889701782056836,-0.3106130984528723,-0.46527324626281136,3,unfair,7,9
0.1271688467292677,-0.045792578314998555,3.9168544782424,4,unfair,7,9
0.19908039116387352,5.206696976350181,-0.11826672774161509,5,unfair,7,9
0.9141547521513116,-0.2642575071392888,0.6284677717672966,6,unfair,7,9
1.2469259037982896,1.3186269782682694,-0.24988365604027354,7,unfair,7,9
1.3700750643369959,-0.36521797708612624,-0.472935661951994,8,unfair,7,9
