0,1,2,cluster_id,type,seed,k
-0.6091661251013842,-0.299469583122015,-0.4388489234173222,0,unfair,6,5
-0.5933647182375116,-0.22339100511248852,1.0804298328325985,1,unfair,6,5
-0.10136701232443238,2.6118435885067224,-0.0015659251740397858,2,unfair,6,5
0.30661547862390853,-0.058635178657401685,3.710431568347286,3,unfair,6,5
1.1755610195772839,-0.18671459457036105,-0.2444285171015299,4,unfair,6,5
