0,1,2,cluster_id,type,seed,k
-0.9145818677948712,-0.3326933724668103,-0.38502006562363306,0,unfair,0,8
-0.6047840487593128,1.9474024209766112,-0.005095250235568681,1,unfair,0,8
-0.506320775035913,-0.2574059348132302,1.207249830667169,2,unfair,0,8
0.08791890905390018,-0.3223666465033119,-0.4237384764287118,3,unfair,0,8
0.1606852487759642,5.3495519832517795,-0.17610887777228174,4,unfair,0,8
0.2412081589717299,-0.04906397519007261,3.8166263009652996,5,unfair,0,8
1.2534215203529566,1.2444543989367223,-0.23738353917407057,6,unfair,0,8
1.3736912357780966,-0.3371917664416024,-0.19900806690030418,7,unfair,0,8
