0,1,2,cluster_id,type,seed,k
-0.9405254517289436,-0.2934121634425688,-0.362270676665387,0,unfair,4,6
-0.49914140937022855,-0.24420975062523198,1.2060651481275866,1,unfair,4,6
-0.10136701232443238,2.611843588506723,-0.0015659251740397884,2,unfair,4,6
0.05130235749233558,-0.29739895537666056,-0.4419693680590554,3,unfair,4,6
0.2412081589717299,-0.049063975190072606,3.8166263009652996,4,unfair,4,6
1.3695345512057568,-0.1463339575870449,-0.21668650795307484,5,unfair,4,6
