0,1,2,cluster_id,type,seed,k
-0.6138882655041455,-0.29319037983178353,-0.42696092008353026,0,unfair,8,5
-0.5310916858122509,-0.2519904036086153,1.1311519635699459,1,unfair,8,5
-0.1013670123244324,2.6118435885067224,-0.0015659251740397831,2,unfair,8,5
0.28839511879054286,-0.03482875433950353,3.7593066268494635,3,unfair,8,5
1.1781351993182116,-0.18334131338051257,-0.2593502089738834,4,unfair,8,5
