0,1,2,cluster_id,type,seed,k
-0.6096617700125566,-0.3260104505621497,-0.43155991615421274,0,unfair,8,6
-0.5382890448755936,-0.26396088570033394,1.1311793709161477,1,unfair,8,6
-0.23482522285083554,1.9075143330411426,-0.009503982122054472,2,unfair,8,6
0.28839511879054286,-0.03482875433950353,3.7593066268494626,3,unfair,8,6
0.4110426155793183,5.18686003998999,-0.14925073262300056,4,unfair,8,6
1.1866763674062277,-0.19949263852383742,-0.2639685916079715,5,unfair,8,6
