0,1,2,cluster_id,type,seed,k
-0.8764723503181274,-0.32859063085420237,-0.38688630412065955,0,unfair,3,7
-0.5113970941934676,-0.25863220639977264,1.2015455804734012,1,unfair,3,7
-0.24678763378804477,1.921600255251329,-0.013252931247992192,2,unfair,3,7
0.1606852487759642,5.3495519832517795,-0.17610887777228174,3,unfair,3,7
0.21799077452716262,-0.32164984089571275,-0.4071769674143996,4,unfair,3,7
0.2412081589717299,-0.0490639751900726,3.8166263009652996,5,unfair,3,7
1.4774850732558573,-0.1151774842155295,-0.2142529008807647,6,unfair,3,7
