0,1,2,cluster_id,type,seed,k
-0.9138691566346459,-0.3324404609639798,-0.38814136535666033,0,unfair,9,8
-0.5912531401005455,1.9453752245479474,-0.018108596292371215,1,unfair,9,8
-0.5113970941934676,-0.2586322063997726,1.2015455804734012,2,unfair,9,8
0.08541083371217635,-0.3166922972378621,-0.42141447709006186,3,unfair,9,8
0.1606852487759642,5.349551983251779,-0.17610887777228174,4,unfair,9,8
0.2412081589717299,-0.049063975190072606,3.8166263009652996,5,unfair,9,8
1.2906277927336103,1.2423028089895265,-0.22658055993200463,6,unfair,9,8
1.3707333321146837,-0.3380532165135364,-0.20151066882749824,7,unfair,9,8
