0,1,2,cluster_id,type,seed,k
-0.9889813609799116,-0.3270149169451231,-0.3476265785335271,0,unfair,5,9
-0.6299654059449223,-0.27992526032088655,1.2910748827874423,1,unfair,5,9
-0.5125001977528557,1.976353969565855,-0.023066731680451993,2,unfair,5,9
-0.37868760764596776,-0.1556189882424423,5.215972532810971,3,unfair,5,9
-0.07136535405165055,-0.327113205152618,-0.4239676173023748,4,unfair,5,9
0.1606852487759642,5.3495519832517795,-0.17610887777228174,5,unfair,5,9
1.0661597325730214,-0.03761499069654653,2.285515982895914,6,unfair,5,9
1.2200722088736484,0.9956125332022682,-0.2185846877045503,7,unfair,5,9
1.2915219163609448,-0.36915626231970405,-0.2871410260833906,8,unfair,5,9
