0,1,2,cluster_id,type,seed,k
-0.9379001535490427,-0.3305598539540002,-0.34598264899891107,0,unfair,1,8
-0.6143738542467189,1.9601366762039396,0.004501572730592214,1,unfair,1,8
-0.49051166680238567,-0.2584136175693572,1.2714546536165643,2,unfair,1,8
0.0389572206883378,-0.33327515843869426,-0.4386261517931428,3,unfair,1,8
0.1606852487759642,5.3495519832517795,-0.17610887777228174,4,unfair,1,8
0.2412081589717299,-0.049063975190072606,3.816626300965299,5,unfair,1,8
1.1898212640603398,1.2089714680737982,-0.21657176872405962,6,unfair,1,8
1.361075928123822,-0.33715995140068156,-0.2043248307384585,7,unfair,1,8
