0,1,2,cluster_id,type,seed,k
-0.9321606912345467,-0.33066675271395857,-0.367915190458942,0,unfair,8,7
-0.49196204370454405,-0.25750903000219894,1.2084345132067515,1,unfair,8,7
-0.24678763378804472,1.921600255251329,-0.013252931247992192,2,unfair,8,7
0.07223216397053216,-0.32073015955581846,-0.4393167223223815,3,unfair,8,7
0.1606852487759642,5.3495519832517795,-0.17610887777228174,4,unfair,8,7
0.2412081589717299,-0.04906397519007261,3.8166263009652996,5,unfair,8,7
1.3927497092482355,-0.1402455426627432,-0.22145804241080128,6,unfair,8,7
