0,1,2,cluster_id,type,seed,k
-0.6293205527414168,-0.2885496226167393,-0.32604805570127093,0,unfair,1,4
-0.2825111996717048,-0.18020554745941708,2.2003508057715453,1,unfair,1,4
-0.10136701232443238,2.6118435885067224,-0.0015659251740397884,2,unfair,1,4
1.1488700653773616,-0.18942063656294417,-0.2264740450183559,3,unfair,1,4
