0,1,2,cluster_id,type,seed,k
-0.8751846678171389,-0.33127276020772106,-0.3735411787662754,0,unfair,9,7
-0.4991689165183729,-0.24831026676197898,1.2336585098784432,1,unfair,9,7
-0.24678763378804477,1.921600255251329,-0.013252931247992192,2,unfair,9,7
0.1606852487759642,5.349551983251779,-0.17610887777228174,3,unfair,9,7
0.21516860554075737,-0.32057935657359105,-0.40815019802830954,4,unfair,9,7
0.2412081589717299,-0.049063975190072606,3.8166263009652996,5,unfair,9,7
1.4745459828560363,-0.11748372234225532,-0.21405937678288003,6,unfair,9,7
