0,1,2,cluster_id,type,seed,k
-0.9126013531284755,-0.333668670116555,-0.38542229205617035,0,unfair,0,9
-0.621233745000171,-0.27263923381624716,1.2445931917173731,1,unfair,0,9
-0.6047840487593128,1.9474024209766112,-0.0050952502355686834,2,unfair,0,9
-0.37868760764596776,-0.1556189882424423,5.215972532810971,3,unfair,0,9
0.08705072912791886,-0.31732165002059365,-0.39782599264244745,4,unfair,0,9
0.1606852487759642,5.3495519832517795,-0.17610887777228174,5,unfair,0,9
1.0661597325730214,-0.03761499069654652,2.285515982895914,6,unfair,0,9
1.2307956406792846,1.2262113982254146,-0.2560070800760371,7,unfair,0,9
1.3677767211353988,-0.33930388138000944,-0.28119942242689483,8,unfair,0,9
