0,1,2,cluster_id,type,seed,k
-0.876975216162366,-0.33075061020605817,-0.37856354678367155,0,unfair,6,7
-0.5007773853505445,-0.25110586072311153,1.2197824436087226,1,unfair,6,7
-0.32015703615464497,1.924575942128994,-0.061625319202757524,2,unfair,6,7
0.1606852487759642,5.3495519832517795,-0.17610887777228174,3,unfair,6,7
0.23522141560337337,-0.3219272716492993,-0.41017845680417603,4,unfair,6,7
0.2412081589717299,-0.049063975190072606,3.8166263009652996,5,unfair,6,7
1.4991804865415546,-0.07859505624479383,-0.1810344447132093,6,unfair,6,7
