0,1,2,cluster_id,type,seed,k
-0.6110311119959196,-0.32657957259855214,-0.4296901540077233,0,unfair,6,6
-0.5331527477258445,-0.2615808051928482,1.136743269826569,1,unfair,6,6
-0.23482522285083554,1.9075143330411426,-0.009503982122054472,2,unfair,6,6
0.28839511879054286,-0.03482875433950353,3.7593066268494626,3,unfair,6,6
0.4110426155793183,5.18686003998999,-0.14925073262300056,4,unfair,6,6
1.1866763674062277,-0.19949263852383742,-0.2639685916079715,5,unfair,6,6
