0,1,2,cluster_id,type,seed,k
-0.9138691566346459,-0.3324404609639798,-0.38814136535666033,0,unfair,5,8
-0.6625486808891824,1.876982239729741,-0.011010397463143516,1,unfair,5,8
-0.5113970941934676,-0.25863220639977264,1.2015455804734012,2,unfair,5,8
0.09598291651131217,-0.3324131718632606,-0.4251634658981223,3,unfair,5,8
0.19908039116387352,5.206696976350181,-0.11826672774161509,4,unfair,5,8
0.2412081589717299,-0.0490639751900726,3.8166263009652996,5,unfair,5,8
1.2356200522696221,1.3051238339687554,-0.24301583187115028,6,unfair,5,8
1.3796989986592259,-0.3313153307520722,-0.19439723514207422,7,unfair,5,8
