0,1,2,cluster_id,type,seed,k
-0.9850390006654063,-0.3427566224335825,-0.3305181375525601,0,unfair,4,8
-0.6673579354536954,1.8934267769391282,-0.00280086291185108,1,unfair,4,8
-0.4668666033596292,-0.24773497195166527,1.282949649270588,2,unfair,4,8
-0.0656824590468164,-0.30601438533885394,-0.441515820684809,3,unfair,4,8
0.19908039116387352,5.206696976350181,-0.11826672774161509,4,unfair,4,8
0.2036387185706573,-0.04863462214502372,3.8713274739095898,5,unfair,4,8
1.2534215203529566,1.4998977762435841,-0.2077876471673473,6,unfair,4,8
1.2968112237647778,-0.29734623120972803,-0.22627812166190636,7,unfair,4,8
