0,1,2,cluster_id,type,seed,k
-0.8798581176202721,-0.3386534711638772,-0.3764196060464863,0,unfair,8,8
-0.6625486808891824,1.8769822397297409,-0.011010397463143516,1,unfair,8,8
-0.5007773853505445,-0.25110586072311153,1.2197824436087226,2,unfair,8,8
0.1606852487759642,5.349551983251779,-0.17610887777228174,3,unfair,8,8
0.19596715053072977,-0.30519777837092643,-0.41161595128622114,4,unfair,8,8
0.2412081589717299,-0.04906397519007261,3.8166263009652996,5,unfair,8,8
1.2592095360834308,1.5980781273664395,-0.18343183630785906,6,unfair,8,8
1.4458077104377456,-0.2829956445440772,-0.20413498606332836,7,unfair,8,8
