0,1,2,cluster_id,type,seed,k
-0.914960729134262,-0.3284278549931407,-0.38531486753536703,0,unfair,4,7
-0.506320775035913,-0.2574059348132302,1.207249830667169,1,unfair,4,7
-0.24678763378804472,1.921600255251329,-0.013252931247992192,2,unfair,4,7
0.13132197516221494,-0.33230106373189827,-0.41439681324385536,3,unfair,4,7
0.1606852487759642,5.349551983251779,-0.17610887777228174,4,unfair,4,7
0.2412081589717299,-0.049063975190072606,3.8166263009652996,5,unfair,4,7
1.4261715283086493,-0.11971226498521094,-0.21635710989453516,6,unfair,4,7
