0,1,2,cluster_id,type,seed,k
-0.9138691566346456,-0.3324404609639797,-0.3881413653566604,0,unfair,3,8
-0.5878256509506877,1.9291311177911505,-0.02562036458879858,1,unfair,3,8
-0.5113970941934676,-0.2586322063997726,1.2015455804734012,2,unfair,3,8
0.09651802451123896,-0.3275395650532579,-0.4240039798815915,3,unfair,3,8
0.1606852487759642,5.3495519832517795,-0.17610887777228174,4,unfair,3,8
0.2412081589717299,-0.04906397519007261,3.8166263009652996,5,unfair,3,8
1.2906277927336103,1.2423028089895265,-0.22658055993200457,6,unfair,3,8
1.3796989986592259,-0.3313153307520722,-0.19439723514207424,7,unfair,3,8
