0,1,2,cluster_id,type,seed,k
-0.9360422271993427,-0.33166754788787045,-0.36792362056311606,0,unfair,4,9
-0.6775932239231556,-0.2474029829488681,1.2464283364935393,1,unfair,4,9
-0.6463490865666125,1.9158291632420559,0.00699116917382434,2,unfair,4,9
0.03851330825991565,-0.3210014463808755,-0.4446380884035985,3,unfair,4,9
0.1271688467292677,-0.04579257831499855,3.9168544782424006,4,unfair,4,9
0.1606852487759642,5.349551983251779,-0.17610887777228174,5,unfair,4,9
1.02179428629388,-0.23479599322940292,0.7143885228617535,6,unfair,4,9
1.2534215203529566,1.4998977762435846,-0.20778764716734732,7,unfair,4,9
1.4182609601235552,-0.3129199775113114,-0.45283371877358314,8,unfair,4,9
