0,1,2,cluster_id,type,seed,k
-0.9126013531284755,-0.333668670116555,-0.38542229205617035,0,unfair,1,9
-0.621233745000171,-0.27263923381624716,1.2445931917173731,1,unfair,1,9
-0.5878256509506877,1.9291311177911505,-0.02562036458879858,2,unfair,1,9
-0.37868760764596776,-0.1556189882424423,5.215972532810971,3,unfair,1,9
0.08894689701585136,-0.32222230885471187,-0.397231165963892,4,unfair,1,9
0.1606852487759642,5.3495519832517795,-0.17610887777228174,5,unfair,1,9
1.0661597325730214,-0.03761499069654652,2.285515982895914,6,unfair,1,9
1.247748935135626,1.2154087747883393,-0.2442664189274796,7,unfair,1,9
1.3677767211353988,-0.33930388138000944,-0.28119942242689483,8,unfair,1,9
