0,1,2,cluster_id,type,seed,k
-0.6092392610172019,-0.29969641929402735,-0.43713835360860476,0,unfair,0,5
-0.5930049678882506,-0.22207470005270316,1.0860071919581138,1,unfair,0,5
-0.10136701232443238,2.6118435885067224,-0.0015659251740397884,2,unfair,0,5
0.30661547862390853,-0.058635178657401685,3.7104315683472864,3,unfair,0,5
1.1755610195772839,-0.18671459457036105,-0.2444285171015299,4,unfair,0,5
