0,1,2,cluster_id,type,seed,k
-0.9369129900203425,-0.32625400632772517,-0.3529337713277256,0,unfair,6,8
-0.6080591363496288,1.976314591032138,0.01181401880242009,1,unfair,6,8
-0.5017624476291291,-0.25947977325733773,1.2589592707465234,2,unfair,6,8
0.0389572206883378,-0.33327515843869426,-0.43862615179314285,3,unfair,6,8
0.1606852487759642,5.3495519832517795,-0.17610887777228174,4,unfair,6,8
0.2412081589717299,-0.049063975190072606,3.816626300965299,5,unfair,6,8
1.1898212640603398,1.2089714680737982,-0.21657176872405962,6,unfair,6,8
1.3610759281238218,-0.33715995140068156,-0.20432483073845847,7,unfair,6,8
