0,1,2,cluster_id,type,seed,k
-0.6130208180762483,-0.3341263634248216,-0.4183152415404097,0,unfair,3,6
-0.5262953657324393,-0.2585017300217724,1.1769292480079498,1,unfair,3,6
-0.2515025904224198,1.854696054437665,-0.021262891101356395,2,unfair,3,6
0.2412081589717299,-0.049063975190072606,3.8166263009652996,3,unfair,3,6
0.43018759068781004,5.064374829765951,-0.0970552689376638,4,unfair,3,6
1.1886030380743764,-0.1974245302284382,-0.25630181576883665,5,unfair,3,6
