0,1,2,cluster_id,type,seed,k
-0.6384266365143054,-0.2893630596897472,-0.27459997314157786,0,unfair,9,4
-0.1385687484903054,-0.12482743910632091,2.4210057289607927,1,unfair,9,4
-0.1222816910143814,2.6230147334366984,-0.022927990032365918,2,unfair,9,4
1.1491808604278242,-0.19170184269234194,-0.23060445666984697,3,unfair,9,4
